dtype,tasks,dim,num_transforms,mean_neighbors_target,max_neighbors,skew,pareto_alpha,seed,total_edges,mean_count,p90_count,max_count,chunk_tokens,persistent_blocks,variant,order,ticket_batch_size,ms,speedup_vs_static_node,max_abs_diff
fp16,32,64,8,64,1024,0.0,1.3,0,2048,64.0,64.0,64,64,0,static_node,identity,0,0.012244100123643875,1.0,0.0
fp16,32,64,8,64,1024,0.0,1.3,0,2048,64.0,64.0,64,64,0,static_node,sorted,0,0.012186100333929062,1.0047595037071317,0.0
fp16,32,64,8,64,1024,0.0,1.3,0,2048,64.0,64.0,64,64,0,static_chunked,identity,0,0.018644200265407564,0.6567243405104144,0.0
fp16,32,64,8,64,1024,0.0,1.3,0,2048,64.0,64.0,64,64,0,persistent_node,identity,1,0.03648439943790436,0.3355982368432037,0.0
fp16,32,64,8,64,1024,0.0,1.3,0,2048,64.0,64.0,64,64,0,persistent_chunked,identity,1,0.04361644983291626,0.2807220709284678,0.0
fp16,32,64,8,64,1024,0.0,1.3,0,2048,64.0,64.0,64,64,0,persistent_node,identity,4,0.04092245101928711,0.2992025115473441,0.0
fp16,32,64,8,64,1024,0.0,1.3,0,2048,64.0,64.0,64,64,0,persistent_chunked,identity,4,0.049714550375938416,0.2462880591507865,0.0
fp16,32,64,8,64,1024,0.0,1.3,0,2048,64.0,64.0,64,64,0,static_chunked,sorted,0,0.01876620054244995,0.6524549333226615,0.0
fp16,32,64,8,64,1024,0.0,1.3,0,2048,64.0,64.0,64,64,0,persistent_node,sorted,1,0.03653635084629059,0.33512104630139816,0.0
fp16,32,64,8,64,1024,0.0,1.3,0,2048,64.0,64.0,64,64,0,persistent_chunked,sorted,1,0.04411444962024689,0.2775530518695237,0.0
fp16,32,64,8,64,1024,0.0,1.3,0,2048,64.0,64.0,64,64,0,persistent_node,sorted,4,0.041202449798583986,0.2971692261867563,0.0
fp16,32,64,8,64,1024,0.0,1.3,0,2048,64.0,64.0,64,64,0,persistent_chunked,sorted,4,0.04835450053215027,0.2532153158215942,0.0
fp16,32,64,8,64,1024,0.0,1.3,1,2048,64.0,64.0,64,64,0,static_node,identity,0,0.012306100130081177,1.0,0.0
fp16,32,64,8,64,1024,0.0,1.3,1,2048,64.0,64.0,64,64,0,static_node,sorted,0,0.01221809983253479,1.0072024536345705,0.0
fp16,32,64,8,64,1024,0.0,1.3,1,2048,64.0,64.0,64,64,0,static_chunked,identity,0,0.018688200414180754,0.6584957276433749,0.0
fp16,32,64,8,64,1024,0.0,1.3,1,2048,64.0,64.0,64,64,0,persistent_node,identity,1,0.036652401089668274,0.33575154053277206,0.0
fp16,32,64,8,64,1024,0.0,1.3,1,2048,64.0,64.0,64,64,0,persistent_chunked,identity,1,0.043962448835372925,0.2799229900992113,0.0
fp16,32,64,8,64,1024,0.0,1.3,1,2048,64.0,64.0,64,64,0,persistent_node,identity,4,0.04119645059108734,0.2987174854511263,0.0
fp16,32,64,8,64,1024,0.0,1.3,1,2048,64.0,64.0,64,64,0,persistent_chunked,identity,4,0.04832650125026703,0.25464496315079665,0.0
fp16,32,64,8,64,1024,0.0,1.3,1,2048,64.0,64.0,64,64,0,static_chunked,sorted,0,0.018692150712013245,0.6583565647249023,0.0
fp16,32,64,8,64,1024,0.0,1.3,1,2048,64.0,64.0,64,64,0,persistent_node,sorted,1,0.03659439980983734,0.33628369898207866,0.0
fp16,32,64,8,64,1024,0.0,1.3,1,2048,64.0,64.0,64,64,0,persistent_chunked,sorted,1,0.0439584493637085,0.27994845833303955,0.0
fp16,32,64,8,64,1024,0.0,1.3,1,2048,64.0,64.0,64,64,0,persistent_node,sorted,4,0.041148450970649716,0.29906593905220996,0.0
fp16,32,64,8,64,1024,0.0,1.3,1,2048,64.0,64.0,64,64,0,persistent_chunked,sorted,4,0.04829449951648712,0.25481370038590073,0.0
fp16,32,64,8,64,1024,0.8,1.3,0,2049,64.03125,137.10000000000002,248,64,0,static_node,identity,0,0.01986420005559921,1.0,0.0
fp16,32,64,8,64,1024,0.8,1.3,0,2049,64.03125,137.10000000000002,248,64,0,static_node,sorted,0,0.0192221999168396,1.0333988899052697,0.0
fp16,32,64,8,64,1024,0.8,1.3,0,2049,64.03125,137.10000000000002,248,64,0,static_chunked,identity,0,0.019574199616909028,1.0148154429997571,3.0517578125e-05
fp16,32,64,8,64,1024,0.8,1.3,0,2049,64.03125,137.10000000000002,248,64,0,persistent_node,identity,1,0.041326400637626645,0.48066610566402335,0.0
fp16,32,64,8,64,1024,0.8,1.3,0,2049,64.03125,137.10000000000002,248,64,0,persistent_chunked,identity,1,0.046254399418830874,0.42945536652049127,3.0517578125e-05
fp16,32,64,8,64,1024,0.8,1.3,0,2049,64.03125,137.10000000000002,248,64,0,persistent_node,identity,4,0.06868665218353272,0.28920029473152215,0.0
fp16,32,64,8,64,1024,0.8,1.3,0,2049,64.03125,137.10000000000002,248,64,0,persistent_chunked,identity,4,0.04796245098114014,0.4141614877732216,6.103515625e-05
fp16,32,64,8,64,1024,0.8,1.3,0,2049,64.03125,137.10000000000002,248,64,0,static_chunked,sorted,0,0.018248149752616884,1.0885596800163577,6.103515625e-05
fp16,32,64,8,64,1024,0.8,1.3,0,2049,64.03125,137.10000000000002,248,64,0,persistent_node,sorted,1,0.03563230037689209,0.5574773406569435,0.0
fp16,32,64,8,64,1024,0.8,1.3,0,2049,64.03125,137.10000000000002,248,64,0,persistent_chunked,sorted,1,0.04591045081615448,0.4326727292472939,6.103515625e-05
fp16,32,64,8,64,1024,0.8,1.3,0,2049,64.03125,137.10000000000002,248,64,0,persistent_node,sorted,4,0.05941454768180847,0.33433226087962337,0.0
fp16,32,64,8,64,1024,0.8,1.3,0,2049,64.03125,137.10000000000002,248,64,0,persistent_chunked,sorted,4,0.04388439953327179,0.45264832758025525,6.103515625e-05
fp16,32,64,8,64,1024,0.8,1.3,1,2048,64.0,81.9,375,64,0,static_node,identity,0,0.026598250865936278,1.0,0.0
fp16,32,64,8,64,1024,0.8,1.3,1,2048,64.0,81.9,375,64,0,static_node,sorted,0,0.025240251421928407,1.053802928556728,0.0
fp16,32,64,8,64,1024,0.8,1.3,1,2048,64.0,81.9,375,64,0,static_chunked,identity,0,0.01923619955778122,1.3827185970930023,6.103515625e-05
fp16,32,64,8,64,1024,0.8,1.3,1,2048,64.0,81.9,375,64,0,persistent_node,identity,1,0.049034449458122256,0.5424400836528703,0.0
fp16,32,64,8,64,1024,0.8,1.3,1,2048,64.0,81.9,375,64,0,persistent_chunked,identity,1,0.046440398693084715,0.5727395029857255,6.103515625e-05
fp16,32,64,8,64,1024,0.8,1.3,1,2048,64.0,81.9,375,64,0,persistent_node,identity,4,0.09246485233306885,0.2876579607798039,0.0
fp16,32,64,8,64,1024,0.8,1.3,1,2048,64.0,81.9,375,64,0,persistent_chunked,identity,4,0.04867244958877563,0.5464744653425068,6.103515625e-05
fp16,32,64,8,64,1024,0.8,1.3,1,2048,64.0,81.9,375,64,0,static_chunked,sorted,0,0.018404200673103333,1.4452271705995943,6.103515625e-05
fp16,32,64,8,64,1024,0.8,1.3,1,2048,64.0,81.9,375,64,0,persistent_node,sorted,1,0.03649435043334961,0.7288320123552607,0.0
fp16,32,64,8,64,1024,0.8,1.3,1,2048,64.0,81.9,375,64,0,persistent_chunked,sorted,1,0.04567239880561828,0.5823703497409546,6.103515625e-05
fp16,32,64,8,64,1024,0.8,1.3,1,2048,64.0,81.9,375,64,0,persistent_node,sorted,4,0.08145679831504822,0.32653199507133773,0.0
fp16,32,64,8,64,1024,0.8,1.3,1,2048,64.0,81.9,375,64,0,persistent_chunked,sorted,4,0.045276451110839847,0.5874632444319,6.103515625e-05
fp16,32,64,8,64,1024,0.95,1.3,0,2046,63.9375,142.00000000000006,263,64,0,static_node,identity,0,0.020600199699401855,1.0,0.0
fp16,32,64,8,64,1024,0.95,1.3,0,2046,63.9375,142.00000000000006,263,64,0,static_node,sorted,0,0.01990620046854019,1.0348634704025241,0.0
fp16,32,64,8,64,1024,0.95,1.3,0,2046,63.9375,142.00000000000006,263,64,0,static_chunked,identity,0,0.01969819962978363,1.0457909903732727,5.340576171875e-05
fp16,32,64,8,64,1024,0.95,1.3,0,2046,63.9375,142.00000000000006,263,64,0,persistent_node,identity,1,0.04123440086841583,0.4995877050606286,0.0
fp16,32,64,8,64,1024,0.95,1.3,0,2046,63.9375,142.00000000000006,263,64,0,persistent_chunked,identity,1,0.04675444960594177,0.4406040467383427,5.340576171875e-05
fp16,32,64,8,64,1024,0.95,1.3,0,2046,63.9375,142.00000000000006,263,64,0,persistent_node,identity,4,0.07139670252799987,0.28853152834786744,0.0
fp16,32,64,8,64,1024,0.95,1.3,0,2046,63.9375,142.00000000000006,263,64,0,persistent_chunked,identity,4,0.048466449975967406,0.42504040856338104,5.340576171875e-05
fp16,32,64,8,64,1024,0.95,1.3,0,2046,63.9375,142.00000000000006,263,64,0,static_chunked,sorted,0,0.018108150362968443,1.1376203138631822,5.340576171875e-05
fp16,32,64,8,64,1024,0.95,1.3,0,2046,63.9375,142.00000000000006,263,64,0,persistent_node,sorted,1,0.03578439950942993,0.5756754334797004,0.0
fp16,32,64,8,64,1024,0.95,1.3,0,2046,63.9375,142.00000000000006,263,64,0,persistent_chunked,sorted,1,0.04656049907207489,0.44243940915480917,6.103515625e-05
fp16,32,64,8,64,1024,0.95,1.3,0,2046,63.9375,142.00000000000006,263,64,0,persistent_node,sorted,4,0.062048697471618654,0.33200051796130736,0.0
fp16,32,64,8,64,1024,0.95,1.3,0,2046,63.9375,142.00000000000006,263,64,0,persistent_chunked,sorted,4,0.04415650069713593,0.4665269977051878,5.340576171875e-05
fp16,32,64,8,64,1024,0.95,1.3,1,2049,64.03125,83.0,398,64,0,static_node,identity,0,0.028032350540161132,1.0,0.0
fp16,32,64,8,64,1024,0.95,1.3,1,2049,64.03125,83.0,398,64,0,static_node,sorted,0,0.026898300647735594,1.0421606519786226,0.0
fp16,32,64,8,64,1024,0.95,1.3,1,2049,64.03125,83.0,398,64,0,static_chunked,identity,0,0.02686629891395569,1.0434020193827196,6.103515625e-05
fp16,32,64,8,64,1024,0.95,1.3,1,2049,64.03125,83.0,398,64,0,persistent_node,identity,1,0.05058255195617676,0.5541901200328433,0.0
fp16,32,64,8,64,1024,0.95,1.3,1,2049,64.03125,83.0,398,64,0,persistent_chunked,identity,1,0.04702250063419342,0.5961475923672338,6.103515625e-05
fp16,32,64,8,64,1024,0.95,1.3,1,2049,64.03125,83.0,398,64,0,persistent_node,identity,4,0.1027111530303955,0.272924114987449,0.0
fp16,32,64,8,64,1024,0.95,1.3,1,2049,64.03125,83.0,398,64,0,persistent_chunked,identity,4,0.048780548572540286,0.574662470194958,6.103515625e-05
fp16,32,64,8,64,1024,0.95,1.3,1,2049,64.03125,83.0,398,64,0,static_chunked,sorted,0,0.027328300476074218,1.0257626728271414,6.103515625e-05
fp16,32,64,8,64,1024,0.95,1.3,1,2049,64.03125,83.0,398,64,0,persistent_node,sorted,1,0.03632639944553375,0.7716798517891,0.0
fp16,32,64,8,64,1024,0.95,1.3,1,2049,64.03125,83.0,398,64,0,persistent_chunked,sorted,1,0.046362501382827756,0.6046341268062827,6.103515625e-05
fp16,32,64,8,64,1024,0.95,1.3,1,2049,64.03125,83.0,398,64,0,persistent_node,sorted,4,0.08621500134468078,0.32514469759259185,0.0
fp16,32,64,8,64,1024,0.95,1.3,1,2049,64.03125,83.0,398,64,0,persistent_chunked,sorted,4,0.045052549242973326,0.6222145252864516,6.103515625e-05
fp16,128,64,8,64,1024,0.0,1.3,0,8192,64.0,64.0,64,64,0,static_node,identity,0,0.024310250580310822,1.0,0.0
fp16,128,64,8,64,1024,0.0,1.3,0,8192,64.0,64.0,64,64,0,static_node,sorted,0,0.02435230016708374,0.9982732806969193,0.0
fp16,128,64,8,64,1024,0.0,1.3,0,8192,64.0,64.0,64,64,0,static_chunked,identity,0,0.03091435134410858,0.7863742735441118,0.0
fp16,128,64,8,64,1024,0.0,1.3,0,8192,64.0,64.0,64,64,0,persistent_node,identity,1,0.1045032024383545,0.23262684791550978,0.0
fp16,128,64,8,64,1024,0.0,1.3,0,8192,64.0,64.0,64,64,0,persistent_chunked,identity,1,0.11645334959030151,0.20875527123811843,0.0
fp16,128,64,8,64,1024,0.0,1.3,0,8192,64.0,64.0,64,64,0,persistent_node,identity,4,0.10300915241241455,0.23600087964009864,0.0
fp16,128,64,8,64,1024,0.0,1.3,0,8192,64.0,64.0,64,64,0,persistent_chunked,identity,4,0.11017324924468994,0.2206547482893858,0.0
fp16,128,64,8,64,1024,0.0,1.3,0,8192,64.0,64.0,64,64,0,static_chunked,sorted,0,0.03091435134410858,0.7863742735441118,0.0
fp16,128,64,8,64,1024,0.0,1.3,0,8192,64.0,64.0,64,64,0,persistent_node,sorted,1,0.10434515476226806,0.23297919904088904,0.0
fp16,128,64,8,64,1024,0.0,1.3,0,8192,64.0,64.0,64,64,0,persistent_chunked,sorted,1,0.11601525545120239,0.209543568091664,0.0
fp16,128,64,8,64,1024,0.0,1.3,0,8192,64.0,64.0,64,64,0,persistent_node,sorted,4,0.10265514850616456,0.23681472321722827,0.0
fp16,128,64,8,64,1024,0.0,1.3,0,8192,64.0,64.0,64,64,0,persistent_chunked,sorted,4,0.10926519632339478,0.22248850867717476,0.0
fp16,128,64,8,64,1024,0.0,1.3,1,8192,64.0,64.0,64,64,0,static_node,identity,0,0.024482250213623047,1.0,0.0
fp16,128,64,8,64,1024,0.0,1.3,1,8192,64.0,64.0,64,64,0,static_node,sorted,0,0.02443629950284958,1.0018804283671556,0.0
fp16,128,64,8,64,1024,0.0,1.3,1,8192,64.0,64.0,64,64,0,static_chunked,identity,0,0.03096035122871399,0.7907613848681773,0.0
fp16,128,64,8,64,1024,0.0,1.3,1,8192,64.0,64.0,64,64,0,persistent_node,identity,1,0.10486910343170167,0.2334553210857539,0.0
fp16,128,64,8,64,1024,0.0,1.3,1,8192,64.0,64.0,64,64,0,persistent_chunked,identity,1,0.11494925022125244,0.21298312226047592,0.0
fp16,128,64,8,64,1024,0.0,1.3,1,8192,64.0,64.0,64,64,0,persistent_node,identity,4,0.102531099319458,0.23877877420726035,0.0
fp16,128,64,8,64,1024,0.0,1.3,1,8192,64.0,64.0,64,64,0,persistent_chunked,identity,4,0.10951319932937623,0.22355524597532087,0.0
fp16,128,64,8,64,1024,0.0,1.3,1,8192,64.0,64.0,64,64,0,static_chunked,sorted,0,0.030970299243927003,0.7905073832447324,0.0
fp16,128,64,8,64,1024,0.0,1.3,1,8192,64.0,64.0,64,64,0,persistent_node,sorted,1,0.10435309410095214,0.23460972024402738,0.0
fp16,128,64,8,64,1024,0.0,1.3,1,8192,64.0,64.0,64,64,0,persistent_chunked,sorted,1,0.11439324617385864,0.2140183186725387,0.0
fp16,128,64,8,64,1024,0.0,1.3,1,8192,64.0,64.0,64,64,0,persistent_node,sorted,4,0.10247509479522705,0.2389092711994578,0.0
fp16,128,64,8,64,1024,0.0,1.3,1,8192,64.0,64.0,64,64,0,persistent_chunked,sorted,4,0.10964319705963135,0.22329018917888677,0.0
fp16,128,64,8,64,1024,0.8,1.3,0,7604,59.40625,100.29999999999997,1024,64,0,static_node,identity,0,0.06167470216751099,1.0,0.0
fp16,128,64,8,64,1024,0.8,1.3,0,7604,59.40625,100.29999999999997,1024,64,0,static_node,sorted,0,0.05862860083580017,1.051955893340214,0.0
fp16,128,64,8,64,1024,0.8,1.3,0,7604,59.40625,100.29999999999997,1024,64,0,static_chunked,identity,0,0.03164435029029846,1.9489956849080654,0.000152587890625
fp16,128,64,8,64,1024,0.8,1.3,0,7604,59.40625,100.29999999999997,1024,64,0,persistent_node,identity,1,0.10409715175628662,0.5924725232819479,0.0
fp16,128,64,8,64,1024,0.8,1.3,0,7604,59.40625,100.29999999999997,1024,64,0,persistent_chunked,identity,1,0.12397135496139526,0.49749155509929305,0.0001373291015625
fp16,128,64,8,64,1024,0.8,1.3,0,7604,59.40625,100.29999999999997,1024,64,0,persistent_node,identity,4,0.22119040489196778,0.27883082088318295,0.0
fp16,128,64,8,64,1024,0.8,1.3,0,7604,59.40625,100.29999999999997,1024,64,0,persistent_chunked,identity,4,0.11331319808959961,0.5442852483851285,0.00014495849609375
fp16,128,64,8,64,1024,0.8,1.3,0,7604,59.40625,100.29999999999997,1024,64,0,static_chunked,sorted,0,0.03023635149002075,2.0397534467035876,0.0001373291015625
fp16,128,64,8,64,1024,0.8,1.3,0,7604,59.40625,100.29999999999997,1024,64,0,persistent_node,sorted,1,0.10402115583419799,0.5929053726899159,0.0
fp16,128,64,8,64,1024,0.8,1.3,0,7604,59.40625,100.29999999999997,1024,64,0,persistent_chunked,sorted,1,0.1236653447151184,0.4987225993635313,0.0001373291015625
fp16,128,64,8,64,1024,0.8,1.3,0,7604,59.40625,100.29999999999997,1024,64,0,persistent_node,sorted,4,0.20009219646453857,0.30823142160089845,0.0
fp16,128,64,8,64,1024,0.8,1.3,0,7604,59.40625,100.29999999999997,1024,64,0,persistent_chunked,sorted,4,0.1110651969909668,0.5553017852435551,0.000152587890625
fp16,128,64,8,64,1024,0.8,1.3,1,7045,55.0390625,64.0,1024,64,0,static_node,identity,0,0.06748675107955933,1.0,0.0
fp16,128,64,8,64,1024,0.8,1.3,1,7045,55.0390625,64.0,1024,64,0,static_node,sorted,0,0.058492648601531985,1.153764664330686,0.0
fp16,128,64,8,64,1024,0.8,1.3,1,7045,55.0390625,64.0,1024,64,0,static_chunked,identity,0,0.030764299631118774,2.1936709721580976,0.0001220703125
fp16,128,64,8,64,1024,0.8,1.3,1,7045,55.0390625,64.0,1024,64,0,persistent_node,identity,1,0.13516550064086913,0.49928976521064866,0.0
fp16,128,64,8,64,1024,0.8,1.3,1,7045,55.0390625,64.0,1024,64,0,persistent_chunked,identity,1,0.1180912971496582,0.5714794629957595,0.00018310546875
fp16,128,64,8,64,1024,0.8,1.3,1,7045,55.0390625,64.0,1024,64,0,persistent_node,identity,4,0.24938275814056396,0.2706151442976687,0.0
fp16,128,64,8,64,1024,0.8,1.3,1,7045,55.0390625,64.0,1024,64,0,persistent_chunked,identity,4,0.10906319618225098,0.6187857447968518,0.00018310546875
fp16,128,64,8,64,1024,0.8,1.3,1,7045,55.0390625,64.0,1024,64,0,static_chunked,sorted,0,0.02906230092048645,2.322140675103495,0.0001220703125
fp16,128,64,8,64,1024,0.8,1.3,1,7045,55.0390625,64.0,1024,64,0,persistent_node,sorted,1,0.09318699836730956,0.7242078000361261,0.0
fp16,128,64,8,64,1024,0.8,1.3,1,7045,55.0390625,64.0,1024,64,0,persistent_chunked,sorted,1,0.11688530445098877,0.5773758420405811,0.00018310546875
fp16,128,64,8,64,1024,0.8,1.3,1,7045,55.0390625,64.0,1024,64,0,persistent_node,sorted,4,0.20514423847198487,0.3289721982066561,0.0
fp16,128,64,8,64,1024,0.8,1.3,1,7045,55.0390625,64.0,1024,64,0,persistent_chunked,sorted,4,0.1091871976852417,0.6180830034131481,0.0001220703125
fp16,128,64,8,64,1024,0.95,1.3,0,7513,58.6953125,102.29999999999997,1024,64,0,static_node,identity,0,0.061618697643280027,1.0,0.0
fp16,128,64,8,64,1024,0.95,1.3,0,7513,58.6953125,102.29999999999997,1024,64,0,static_node,sorted,0,0.058872652053833005,1.0466438234672364,0.0
fp16,128,64,8,64,1024,0.95,1.3,0,7513,58.6953125,102.29999999999997,1024,64,0,static_chunked,identity,0,0.03129230141639709,1.9691328171532942,0.00018310546875
fp16,128,64,8,64,1024,0.95,1.3,0,7513,58.6953125,102.29999999999997,1024,64,0,persistent_node,identity,1,0.10030310153961182,0.61432494805702,0.0
fp16,128,64,8,64,1024,0.95,1.3,0,7513,58.6953125,102.29999999999997,1024,64,0,persistent_chunked,identity,1,0.12304935455322266,0.5007640866301987,0.00018310546875
fp16,128,64,8,64,1024,0.95,1.3,0,7513,58.6953125,102.29999999999997,1024,64,0,persistent_node,identity,4,0.21880226135253905,0.28161819380832914,0.0
fp16,128,64,8,64,1024,0.95,1.3,0,7513,58.6953125,102.29999999999997,1024,64,0,persistent_chunked,identity,4,0.11206314563751221,0.5498569337201764,0.00018310546875
fp16,128,64,8,64,1024,0.95,1.3,0,7513,58.6953125,102.29999999999997,1024,64,0,static_chunked,sorted,0,0.030106350779533386,2.0467009799530094,0.000213623046875
fp16,128,64,8,64,1024,0.95,1.3,0,7513,58.6953125,102.29999999999997,1024,64,0,persistent_node,sorted,1,0.10077904462814331,0.6114237128427048,0.0
fp16,128,64,8,64,1024,0.95,1.3,0,7513,58.6953125,102.29999999999997,1024,64,0,persistent_chunked,sorted,1,0.1222832441329956,0.5039013977766517,0.00018310546875
fp16,128,64,8,64,1024,0.95,1.3,0,7513,58.6953125,102.29999999999997,1024,64,0,persistent_node,sorted,4,0.20121610164642334,0.3062314453917625,0.0
fp16,128,64,8,64,1024,0.95,1.3,0,7513,58.6953125,102.29999999999997,1024,64,0,persistent_chunked,sorted,4,0.11115715503692628,0.5543385634762815,0.00018310546875
fp16,128,64,8,64,1024,0.95,1.3,1,6920,54.0625,64.0,1024,64,0,static_node,identity,0,0.066450697183609,1.0,0.0
fp16,128,64,8,64,1024,0.95,1.3,1,6920,54.0625,64.0,1024,64,0,static_node,sorted,0,0.05787460207939148,1.148184087597751,0.0
fp16,128,64,8,64,1024,0.95,1.3,1,6920,54.0625,64.0,1024,64,0,static_chunked,identity,0,0.030494299530982972,2.1791186617057208,0.0001220703125
fp16,128,64,8,64,1024,0.95,1.3,1,6920,54.0625,64.0,1024,64,0,persistent_node,identity,1,0.13348339796066283,0.4978199401486006,0.0
fp16,128,64,8,64,1024,0.95,1.3,1,6920,54.0625,64.0,1024,64,0,persistent_chunked,identity,1,0.11566519737243652,0.5745090026487473,0.0001220703125
fp16,128,64,8,64,1024,0.95,1.3,1,6920,54.0625,64.0,1024,64,0,persistent_node,identity,4,0.24587254524230956,0.2702648118687723,0.0
fp16,128,64,8,64,1024,0.95,1.3,1,6920,54.0625,64.0,1024,64,0,persistent_chunked,identity,4,0.10900914669036865,0.6095882703527314,0.0001220703125
fp16,128,64,8,64,1024,0.95,1.3,1,6920,54.0625,64.0,1024,64,0,static_chunked,sorted,0,0.028928300738334654,2.297082631457545,0.000152587890625
fp16,128,64,8,64,1024,0.95,1.3,1,6920,54.0625,64.0,1024,64,0,persistent_node,sorted,1,0.09245700240135193,0.7187200045178768,0.0
fp16,128,64,8,64,1024,0.95,1.3,1,6920,54.0625,64.0,1024,64,0,persistent_chunked,sorted,1,0.11651724576950073,0.5703078264917499,0.00018310546875
fp16,128,64,8,64,1024,0.95,1.3,1,6920,54.0625,64.0,1024,64,0,persistent_node,sorted,4,0.20382215976715087,0.32602292733784766,0.0
fp16,128,64,8,64,1024,0.95,1.3,1,6920,54.0625,64.0,1024,64,0,persistent_chunked,sorted,4,0.10918915271759033,0.6085833210509365,0.0001220703125
