dtype,tasks,tile_tokens,dim,num_transforms,lds_fits,policy,best_variant,global_ms,lds_ms,chunk2_ms,chunk4_ms,chunk8_ms,auto_ms,auto_speedup_vs_global,best_speedup_vs_global,auto_vs_best,max_abs_diff_auto
fp16,32,64,32,8,1,graph_global,global,0.009530050307512283,0.019006149470806123,0.010520049929618835,0.013332100212574005,0.018942150473594665,0.00948610007762909,1.0046331189343911,1.0,1.0046331189343911,0.0
fp16,32,64,32,16,1,graph_global,global,0.011476050317287444,0.030632248520851134,0.011588100343942642,0.013568100333213807,0.019310149550437927,0.011624100059270859,0.9872635523413843,1.0,0.9872635523413843,0.0
fp16,32,64,32,32,1,graph_global,chunk4,0.016018100082874298,0.05512639880180359,0.016036149859428406,0.015776099264621736,0.020322149991989134,0.016020150482654573,0.9998720112034843,1.015339711939773,0.9847659846705512,0.0
fp16,32,64,64,8,1,graph_global,global,0.01226010024547577,0.027260199189186096,0.013840100169181824,0.018218150734901427,0.02713424861431122,0.012036100029945374,1.0186106973997466,1.0,1.0186106973997466,0.0
fp16,32,64,64,16,1,graph_global,global,0.016120100021362306,0.04660240113735199,0.016120100021362306,0.019094149768352508,0.028158199787139893,0.01589615046977997,1.0140882883568625,1.0,1.0140882883568625,0.0
fp16,32,64,64,32,1,graph_lds_chunked(chunk=2),chunk2,0.023876149952411652,0.08639065027236939,0.02296614944934845,0.02319615036249161,0.03000425100326538,0.022908149659633635,1.0422557171644347,1.0396235557497437,1.0025318408765687,0.0
fp16,32,64,128,8,1,graph_global,global,0.0179921492934227,0.044358348846435545,0.020820149779319765,0.028946200013160707,0.0441943496465683,0.01789814978837967,1.0052519118542664,1.0,1.0052519118542664,0.0
fp16,32,64,128,16,1,graph_global,global,0.025412198901176453,0.0787086009979248,0.025888198614120485,0.030424201488494874,0.04732834994792938,0.024750199913978577,1.026747217780006,1.0,1.026747217780006,0.0
fp16,32,64,128,32,1,graph_lds_chunked(chunk=2),chunk2,0.0406563013792038,0.15491520166397094,0.0391882985830307,0.03974030017852783,0.05060635209083557,0.03898029923439026,1.0429961333733142,1.0374602330096763,1.0053360121067756,0.0
fp16,32,128,32,8,1,graph_global,global,0.012376099824905396,0.027928200364112855,0.01394609957933426,0.018542149662971498,0.028008249402046204,0.012236099690198898,1.011441565388572,1.0,1.011441565388572,0.0
fp16,32,128,32,16,1,graph_global,chunk2,0.016358150541782378,0.04721035063266754,0.016048100590705872,0.019050149619579314,0.028216248750686644,0.016238099336624144,1.0073931808563004,1.0193200403576774,0.9882992004187497,0.0
fp16,32,128,32,32,1,graph_lds_chunked(chunk=2),chunk2,0.023892149329185486,0.08583664894104004,0.023118150234222413,0.023346200585365295,0.029978251457214354,0.02289019972085953,1.0437719906573333,1.0334801481572389,1.0099584326979532,0.0
fp16,32,128,64,8,1,graph_global,global,0.017502149939537047,0.0439923495054245,0.020204150676727296,0.028120198845863344,0.04407835006713867,0.017386150360107423,1.0066719530791466,1.0,1.0066719530791466,0.0
fp16,32,128,64,16,1,graph_global,global,0.024726200103759765,0.07819460034370422,0.024796199798583985,0.030058249831199646,0.046020349860191344,0.024618199467658995,1.0043870241705797,1.0,1.0043870241705797,0.0
fp16,32,128,64,32,1,graph_lds_chunked(chunk=4),chunk2,0.039746299386024475,0.15351514816284179,0.03828429877758026,0.038292300701141355,0.049318349361419676,0.038544300198554995,1.0311848750989787,1.0381879949516113,0.993254478103497,0.0
fp16,32,128,128,8,1,graph_global,global,0.029994198679924013,0.07929059863090515,0.03410624861717224,0.048406350612640384,0.07728455066680909,0.02998020052909851,1.000466913181982,1.0,1.000466913181982,0.0
fp16,32,128,128,16,1,graph_global,global,0.04265629947185516,0.1443590044975281,0.06022045016288757,0.05193235278129578,0.08315060138702393,0.04255230128765106,1.0024440084568182,1.0,1.0024440084568182,0.0
fp16,32,128,128,32,1,graph_global,global,0.07187255024909973,0.28482804298400877,0.11016279458999634,0.0988627016544342,0.09207664728164673,0.0718304991722107,1.0005854209197158,1.0,1.0005854209197158,0.0
fp16,32,256,32,8,1,graph_global,global,0.01768610030412674,0.04507834911346435,0.02068614959716797,0.02875419855117798,0.04446229934692383,0.017538149654865266,1.0084359326481418,1.0,1.0084359326481418,0.0
fp16,32,256,32,16,1,graph_global,global,0.02438414990901947,0.07824655175209046,0.024834200739860535,0.029982250928878785,0.046176350116729735,0.024388200044631957,0.9998339305235698,1.0,0.9998339305235698,0.0
fp16,32,256,32,32,1,graph_lds_chunked(chunk=2),chunk2,0.03944230079650879,0.15013309717178344,0.03824430108070374,0.03862229883670807,0.04921235144138336,0.03778825104236603,1.0437715350278671,1.031324921150396,1.012068566968776,0.0
fp16,32,256,64,8,1,graph_global,global,0.028206199407577515,0.07789654731750488,0.03341025114059448,0.047904351353645326,0.07714654803276062,0.027996200323104858,1.007500985206887,1.0,1.007500985206887,0.0
fp16,32,256,64,16,1,graph_global,global,0.041808301210403444,0.14596705436706542,0.06011239886283874,0.05110639929771423,0.08168860077857971,0.04171229898929596,1.0023015327237685,1.0,1.0023015327237685,0.0
fp16,32,256,64,32,1,graph_global,global,0.07095850110054017,0.27936205863952634,0.10894080400466918,0.09859074950218201,0.0887526512145996,0.07219650149345398,0.9828523492509389,1.0,0.9828523492509389,0.0
fp16,32,256,128,8,0,graph_global,global,0.05198040008544922,,,,,0.052490347623825075,0.990284927392167,1.0,0.990284927392167,0.0
fp16,32,256,128,16,0,graph_global,global,0.07851254940032959,,,,,0.07790254950523376,1.0078302943738042,1.0,1.0078302943738042,0.0
fp16,32,256,128,32,0,graph_global,global,0.14402904510498046,,,,,0.14634109735488893,0.984200936772385,1.0,0.984200936772385,0.0
fp16,128,64,32,8,1,graph_lds_chunked(chunk=4),chunk2,0.017138099670410155,0.02190819978713989,0.017006100714206697,0.017068099975585938,0.021748149394989015,0.01664409935474396,1.0296802070894508,1.007761859018816,1.021749531275152,0.0
fp16,128,64,32,16,1,graph_lds_chunked(chunk=4),chunk4,0.026130199432373047,0.034720250964164735,0.024190150201320648,0.023462200164794923,0.024542149901390076,0.024042150378227232,1.0868495130966642,1.1137147943857995,0.9758777728153004,0.0
fp16,128,64,32,32,1,graph_lds_chunked(chunk=4),chunk4,0.04281429946422577,0.06009244918823242,0.03879829943180084,0.035794249176979064,0.038082250952720643,0.03619025051593781,1.1830340728194406,1.1961222947445318,0.9890577895064764,0.0
fp16,128,64,64,8,1,graph_lds_chunked(chunk=2),chunk4,0.02471420019865036,0.03133625090122223,0.02387415021657944,0.02373020052909851,0.030634200572967528,0.02346615046262741,1.053185107545041,1.041466133770983,1.0112523810367462,0.0
fp16,128,64,64,16,1,graph_lds_chunked(chunk=4),chunk4,0.03979425132274628,0.05188634991645813,0.036750251054763795,0.03594025075435638,0.038516300916671756,0.03531225025653839,1.1269248216595316,1.1072335469980754,1.0177842106706783,0.0
fp16,128,64,64,32,1,graph_lds_chunked(chunk=4),chunk4,0.07192454934120178,0.09954270124435424,0.06441845297813416,0.05997045040130615,0.06220844984054565,0.0586624026298523,1.22607575068193,1.1993331525760105,1.0222978894967423,0.0
fp16,128,64,128,8,1,graph_lds_chunked(chunk=2),chunk2,0.04301030039787292,0.05158039927482605,0.04009830057621002,0.04021824896335602,0.05100839734077454,0.04102430045604706,1.0484103304565457,1.0726215270926112,0.9774280153581376,0.0
fp16,128,64,128,16,1,graph_lds_chunked(chunk=4),chunk4,0.07093254923820495,0.0941366970539093,0.06772645115852356,0.06327049732208252,0.06801245212554932,0.06147044897079468,1.1539292526056841,1.1210999160812387,1.0292831495690404,0.0
fp16,128,64,128,32,1,graph_lds_chunked(chunk=4),chunk8,0.13299094438552855,0.17832330465316773,0.12283689975738525,0.11707085371017456,0.11673280000686645,0.1160968542098999,1.1455172088046814,1.1392765733170607,1.0054777177322718,0.0
fp16,128,128,32,8,1,graph_lds_chunked(chunk=2),chunk4,0.025056201219558715,0.03153020143508911,0.02419620007276535,0.023748150467872618,0.030740249156951904,0.023676149547100067,1.0582886870904935,1.0550801104892642,1.003041073914038,0.0
fp16,128,128,32,16,1,graph_lds_chunked(chunk=4),chunk4,0.03953030109405518,0.05156834721565247,0.03614625036716461,0.03491424918174744,0.037636250257492065,0.035224249958992,1.1222467799903837,1.1322111178240926,0.9911992227625722,0.0
fp16,128,128,32,32,1,graph_lds_chunked(chunk=4),chunk4,0.07031450271606446,0.10046274662017822,0.06380245089530945,0.05880640149116516,0.06000245213508606,0.057360398769378665,1.2258370622346724,1.195694702159734,1.0252090772171973,0.0
fp16,128,128,64,8,1,graph_lds_chunked(chunk=4),chunk4,0.04112829864025116,0.051242399215698245,0.039220300316810605,0.039148300886154175,0.04908240139484406,0.03970224857330322,1.0359186221988155,1.0505768503173343,0.9860474480147824,0.0
fp16,128,128,64,16,1,graph_lds_chunked(chunk=4),chunk4,0.06908454895019531,0.0921926498413086,0.06655650138854981,0.06152244806289673,0.06697649955749511,0.06080045104026795,1.1362505995957304,1.1229161245268973,1.0118748629372931,0.0
fp16,128,128,64,32,1,graph_lds_chunked(chunk=8),chunk4,0.1342829465866089,0.1761152982711792,0.12136689424514771,0.11071879863739013,0.11232680082321167,0.11119484901428223,1.2076363948240187,1.2128287900448826,0.995718773116631,0.0
fp16,128,128,128,8,1,graph_global,global,0.07702854871749878,0.09013264775276184,0.11046080589294434,0.09828870296478272,0.09199864864349365,0.07422854900360107,1.0377213316369942,1.0,1.0377213316369942,0.0
fp16,128,128,128,16,1,graph_global,global,0.13049094676971434,0.17205524444580078,0.20426549911499023,0.17932729721069335,0.1716112494468689,0.13420900106430053,0.9722965355147466,1.0,0.9722965355147466,0.0
fp16,128,128,128,32,1,graph_global,global,0.25467984676361083,0.32645440101623535,0.3781787395477295,0.3374244928359985,0.3162282943725586,0.25745985507965086,0.9892021677896929,1.0,0.9892021677896929,0.0
fp16,128,256,32,8,1,graph_lds_chunked(chunk=2),chunk2,0.039858299493789676,0.049132350087165835,0.03784030079841614,0.03798624873161316,0.04910035133361816,0.038102298974990845,1.0460864715788256,1.0533293513210658,0.9931238223513318,0.0
fp16,128,256,32,16,1,graph_lds_chunked(chunk=4),chunk4,0.06872850060462951,0.09793819785118103,0.06910449862480164,0.06130844950675964,0.06505644917488099,0.06121044754981995,1.1228230368466188,1.1210281968891052,1.0016010658451717,0.0
fp16,128,256,32,32,1,graph_lds_chunked(chunk=2),chunk4,0.13253694772720337,0.17554324865341187,0.11704084873199463,0.11592284440994263,0.12104489803314208,0.12342089414596558,1.0738615097898785,1.1433203558955785,0.93924813308227,0.0
fp16,128,256,64,8,1,graph_global,global,0.07149050235748292,0.09298670291900635,0.10967080593109131,0.09753469824790954,0.08766260147094726,0.071076500415802,1.0058247372796771,1.0,1.0058247372796771,0.0
fp16,128,256,64,16,1,graph_global,global,0.12990094423294068,0.17250324487686158,0.20355544090270997,0.17832130193710327,0.16986124515533446,0.1439110517501831,0.9026474523891138,1.0,0.9026474523891138,0.0
fp16,128,256,64,32,1,graph_global,global,0.2567838430404663,0.3271924018859863,0.3737107038497925,0.33695244789123535,0.3163642883300781,0.25696184635162356,0.9993072772721532,1.0,0.9993072772721532,0.0
fp16,128,256,128,8,0,graph_global,global,0.1393494963645935,,,,,0.14602504968643187,0.9542848755321558,1.0,0.9542848755321558,0.0
fp16,128,256,128,16,0,graph_global,global,0.2585058450698853,,,,,0.26437194347381593,0.9778111915854201,1.0,0.9778111915854201,0.0
fp16,128,256,128,32,0,graph_global,global,0.5073317050933838,,,,,0.527595853805542,0.9615915315368891,1.0,0.9615915315368891,0.0
fp16,256,64,32,8,1,graph_lds_chunked(chunk=4),chunk4,0.027016198635101317,0.02601414918899536,0.02554219961166382,0.024962149560451508,0.02586820125579834,0.024934199452400208,1.0834997404538966,1.082286546263793,1.001120954699374,0.0
fp16,256,64,32,16,1,graph_lds_chunked(chunk=4),chunk4,0.044992300868034366,0.042504298686981204,0.04053829908370972,0.03750230073928833,0.039416301250457766,0.0378882497549057,1.187500113071569,1.1997210832694147,0.9898134905118599,0.0
fp16,256,64,32,32,1,graph_lds_chunked(chunk=8),chunk8,0.07969059944152831,0.07645055055618286,0.07144454717636109,0.06457645297050477,0.06345645189285279,0.06353845000267029,1.254210630542281,1.2558313152472997,0.9987094726136055,0.0
fp16,256,64,64,8,1,graph_lds_chunked(chunk=4),chunk4,0.041292300820350646,0.0394802987575531,0.038056251406669614,0.036586299538612366,0.03934229910373688,0.0366082489490509,1.1279507216479738,1.1286274190362344,0.9994004244652869,0.0
fp16,256,64,64,16,1,graph_lds_chunked(chunk=4),chunk4,0.07296050190925599,0.06846250295639038,0.06534649729728699,0.060260450839996337,0.06201645135879517,0.05969845056533814,1.222150679260979,1.2107526726439677,1.0094139842715533,0.0
fp16,256,64,64,32,1,graph_lds_chunked(chunk=4),chunk8,0.14239505529403687,0.13429094552993776,0.12423089742660523,0.11237679719924927,0.1111148476600647,0.11096279621124268,1.2832684481288288,1.2815124017419182,1.0013702921520882,0.0
fp16,256,64,128,8,1,graph_lds_chunked(chunk=4),chunk4,0.07744054794311524,0.06987249851226807,0.07047049999237061,0.06551250219345092,0.0700884997844696,0.06535249948501587,1.1849668880816246,1.1820728158793594,1.0024483028146727,0.0
fp16,256,64,128,16,1,graph_lds_chunked(chunk=8),chunk4,0.13871899843215943,0.12957890033721925,0.1253389000892639,0.11671085357666015,0.11698484420776367,0.11650685071945191,1.1906510009973086,1.1885698217522116,1.0017509945204808,0.0
fp16,256,64,128,32,1,graph_lds_chunked(chunk=8),chunk4,0.2645838975906372,0.24821178913116454,0.23961775302886962,0.2172976016998291,0.21793758869171143,0.21014549732208251,1.2590509954401683,1.217610758337446,1.034034059586748,0.0
fp16,256,128,32,8,1,graph_lds_chunked(chunk=4),chunk4,0.04311229884624481,0.04038429856300354,0.038518300652503966,0.03708424866199493,0.03966430127620697,0.03796024918556214,1.1357222297329443,1.162550150043288,0.9769232146162944,0.0
fp16,256,128,32,16,1,graph_lds_chunked(chunk=4),chunk4,0.07428854703903198,0.06970250010490417,0.065328449010849,0.06035845279693604,0.0619544506072998,0.06038845181465149,1.2301780358112782,1.2307894519589653,0.9995032325417528,0.0
fp16,256,128,32,32,1,graph_lds_chunked(chunk=4),chunk8,0.14213504791259765,0.13411694765090942,0.12482689619064331,0.11231880187988282,0.11199079751968384,0.11089080572128296,1.2817568326615385,1.2691672089183539,1.0099195942463042,0.0
fp16,256,128,64,8,1,graph_lds_chunked(chunk=4),chunk4,0.0748925507068634,0.06983649730682373,0.07006049752235413,0.06526650190353393,0.06980249881744385,0.06531444787979127,1.146646004643571,1.1474883519505472,0.9992659208212925,0.0
fp16,256,128,64,16,1,graph_lds_chunked(chunk=8),chunk8,0.13847299814224243,0.1296589493751526,0.12675894498825074,0.11745485067367553,0.11601284742355347,0.1163448452949524,1.1901945272366103,1.1936005469867381,0.9971464324821847,0.0
fp16,256,128,64,32,1,graph_lds_chunked(chunk=8),chunk4,0.2669659614562988,0.248567795753479,0.23868770599365235,0.21448559761047364,0.21579554080963134,0.21127355098724365,1.2636033247361746,1.2446801297173087,1.0152032595098661,0.0
fp16,256,128,128,8,1,graph_global,global,0.14258099794387818,0.1839812994003296,0.2140035390853882,0.18465529680252074,0.1727072477340698,0.14048899412155152,1.014890873377004,1.0,1.014890873377004,0.0
fp16,256,128,128,16,1,graph_global,global,0.2626858949661255,0.33395240306854246,0.3819648027420044,0.3393524408340454,0.316450309753418,0.2576658487319946,1.0194827768555093,1.0,1.0194827768555093,0.0
fp16,256,128,128,32,1,graph_global,global,0.5048916339874268,0.6577047824859619,0.7525254726409912,0.6482787609100342,0.6189224720001221,0.5131496906280517,0.9839071195180537,1.0,0.9839071195180537,0.0
fp16,256,256,32,8,1,graph_lds_chunked(chunk=4),chunk4,0.06826050281524658,0.06553245186805726,0.06547650098800659,0.06222444772720337,0.06705049872398376,0.06042845249176025,1.129608652886722,1.0970045586343447,1.0297210198405795,0.0
fp16,256,256,32,16,1,graph_lds_chunked(chunk=8),chunk4,0.133528995513916,0.12641489505767822,0.12303889989852905,0.1149248480796814,0.1157868504524231,0.11260080337524414,1.1858618367839553,1.161880983487015,1.0206396813768046,0.0
fp16,256,256,32,32,1,graph_lds_chunked(chunk=4),chunk8,0.26474790573120116,0.251895809173584,0.24014825820922853,0.2170555591583252,0.21683158874511718,0.21296753883361816,1.243137368169694,1.220984023884126,1.0181438445157496,0.0
fp16,256,256,64,8,1,graph_global,global,0.1426890015602112,0.18618735074996948,0.21603355407714844,0.18436335325241088,0.17373324632644654,0.14208904504776002,1.0042223980902223,1.0,1.0042223980902223,0.0
fp16,256,256,64,16,1,graph_global,global,0.2599019050598145,0.33079640865325927,0.38243279457092283,0.3372904539108276,0.3163563013076782,0.25762186050415037,1.0088503535810285,1.0,1.0088503535810285,0.0
fp16,256,256,64,32,1,graph_global,global,0.5027417182922364,0.6540788173675537,0.7437334060668945,0.6448767185211182,0.6162085056304931,0.5080117225646973,0.9896262152261855,1.0,0.9896262152261855,0.0
fp16,256,256,128,8,0,graph_global,global,0.26189389228820803,,,,,0.2640319585800171,0.9919022443218323,1.0,0.9919022443218323,0.0
fp16,256,256,128,16,0,graph_global,global,0.5105637550354004,,,,,0.5336519718170166,0.956735441821748,1.0,0.956735441821748,0.0
fp16,256,256,128,32,0,graph_global,global,1.0724297523498536,,,,,1.0410655975341796,1.0301269726806472,1.0,1.0301269726806472,0.0
bf16,32,64,32,8,1,graph_global,global,0.00928805023431778,0.016712099313735962,0.009942100197076798,0.012094099819660187,0.01686815023422241,0.009110049903392791,1.0195388974607809,1.0,1.0195388974607809,0.0
bf16,32,64,32,16,1,graph_lds_chunked(chunk=2),chunk2,0.011250100284814834,0.026186200976371764,0.010808049887418746,0.012146099656820297,0.016654099524021148,0.01081005036830902,1.0407074806788943,1.0409001070499002,0.9998149425005328,0.0
bf16,32,64,32,32,1,graph_lds_chunked(chunk=4),chunk4,0.014444099366664886,0.04273234903812408,0.013866099715232848,0.013114100694656372,0.016446100175380708,0.013350099325180054,1.081946958957931,1.1014174515642121,0.9823223314841892,0.0
bf16,32,64,64,8,1,graph_global,global,0.01071605011820793,0.020368149876594542,0.011600100249052048,0.014512099325656891,0.020506149530410765,0.010590100288391113,1.0118931668621576,1.0,1.0118931668621576,0.0
bf16,32,64,64,16,1,graph_lds_chunked(chunk=2),chunk2,0.013852100074291229,0.033402249217033386,0.013200099766254424,0.015112100541591645,0.021038149297237397,0.013276100158691406,1.0433862285396163,1.0493935894108632,0.9942753977803318,0.0
bf16,32,64,64,32,1,graph_lds_chunked(chunk=4),chunk4,0.019694149494171143,0.05898845195770264,0.01921609938144684,0.01757815033197403,0.022320149838924407,0.017584100365638733,1.11999755942338,1.120376667751452,0.999661624220689,0.0
bf16,32,64,128,8,1,graph_global,global,0.014532099664211272,0.030120199918746947,0.016106100380420686,0.02081020027399063,0.030188199877738953,0.014430099725723266,1.0070685539550486,1.0,1.0070685539550486,0.0
bf16,32,64,128,16,1,graph_lds_chunked(chunk=2),chunk2,0.02006414979696274,0.050750350952148436,0.01903814971446991,0.021896150708198548,0.031510201096534726,0.01901810020208359,1.0550028438047954,1.0538917960978644,1.0010542331869787,0.0
bf16,32,64,128,32,1,graph_lds_chunked(chunk=4),chunk4,0.030892199277877806,0.0960187017917633,0.028966251015663146,0.026454201340675353,0.033576250076293945,0.026528149843215942,1.1645063625037493,1.1677615543954711,0.9972124515664442,0.0
bf16,32,128,32,8,1,graph_global,global,0.010698100179433822,0.02031414955854416,0.01174205020070076,0.014480100572109222,0.020636150240898134,0.010566099733114242,1.0124928260809323,1.0,1.0124928260809323,0.0
bf16,32,128,32,16,1,graph_lds_chunked(chunk=2),chunk2,0.013804100453853607,0.033200201392173764,0.013192099332809449,0.015166099369525909,0.021178150177001955,0.013158099353313446,1.0490953201670032,1.0463914882388794,1.0025839582589442,0.0
bf16,32,128,32,32,1,graph_lds_chunked(chunk=4),chunk4,0.019658149778842927,0.058568400144577024,0.01860014945268631,0.017516149580478667,0.022322149574756624,0.017478099465370177,1.1247303986221238,1.122287160686928,1.0021770167393702,0.0
bf16,32,128,64,8,1,graph_global,global,0.014556099474430085,0.030104249715805054,0.01611409932374954,0.02070614993572235,0.030292248725891112,0.014428099989891053,1.0088715412721505,1.0,1.0088715412721505,0.0
bf16,32,128,64,16,1,graph_lds_chunked(chunk=2),chunk2,0.020062150061130525,0.05091639757156372,0.01904215067625046,0.02194014936685562,0.03182224929332733,0.018972149491310118,1.0574526660945647,1.0535653457543648,1.003689681286372,0.0
bf16,32,128,64,32,1,graph_lds_chunked(chunk=4),chunk4,0.030674248933792114,0.0960686981678009,0.028970199823379516,0.02654019892215729,0.03354425132274628,0.02639620006084442,1.162070633768747,1.1557656000906413,1.0054552875406666,0.0
bf16,32,128,128,8,1,graph_global,global,0.022068199515342713,0.049848350882530215,0.02505219876766205,0.03290024995803833,0.04919439852237702,0.02201415002346039,1.0024552159326943,1.0,1.0024552159326943,0.0
bf16,32,128,128,16,1,graph_global,global,0.03280225098133087,0.08567265272140503,0.04335235059261322,0.03520025014877319,0.0519864022731781,0.03241224884986878,1.0120325539048078,1.0,1.0120325539048078,0.0
bf16,32,128,128,32,1,graph_global,global,0.05338640213012695,0.16313519477844238,0.0776606023311615,0.06373645067214966,0.055878400802612305,0.05295439958572388,1.0081580104350676,1.0,1.0081580104350676,0.0
bf16,32,256,32,8,1,graph_global,global,0.014374099671840668,0.029972249269485475,0.01610410064458847,0.020528149604797364,0.030016249418258666,0.014242100715637206,1.0092682223527976,1.0,1.0092682223527976,0.0
bf16,32,256,32,16,1,graph_lds_chunked(chunk=2),chunk2,0.0196321502327919,0.050616401433944705,0.018946099281311034,0.021862199902534483,0.03129220008850098,0.01874215006828308,1.0474865563057756,1.0362106701381855,1.0108818471885515,0.0
bf16,32,256,32,32,1,graph_lds_chunked(chunk=4),chunk4,0.030542200803756712,0.09582269787788392,0.0284061998128891,0.02619819939136505,0.03338020145893097,0.02624019980430603,1.1639469604474857,1.165812976208718,0.9983993866946818,0.0
bf16,32,256,64,8,1,graph_global,global,0.021976150572299957,0.04940440058708191,0.02503015100955963,0.0329721987247467,0.04964235126972198,0.02188020050525665,1.0043852462421565,1.0,1.0043852462421565,0.0
bf16,32,256,64,16,1,graph_global,global,0.03237225115299225,0.08586660027503967,0.04314430058002472,0.035120248794555664,0.052016401290893556,0.03258025050163269,0.9936157842423581,1.0,0.9936157842423581,0.0
bf16,32,256,64,32,1,graph_global,global,0.05268440246582031,0.16417319774627687,0.07805659770965576,0.06306045055389405,0.055506402254104616,0.052584397792816165,1.0019017936346475,1.0,1.0019017936346475,0.0
bf16,32,256,128,8,0,graph_global,global,0.03675625026226044,,,,,0.03669025003910065,1.001798849097225,1.0,1.001798849097225,0.0
bf16,32,256,128,16,0,graph_global,global,0.057296401262283324,,,,,0.057678401470184326,0.9933770666633598,1.0,0.9933770666633598,0.0
bf16,32,256,128,32,0,graph_global,global,0.10221275091171264,,,,,0.10375075340270996,0.9851759872525692,1.0,0.9851759872525692,0.0
bf16,128,64,32,8,1,graph_lds_chunked(chunk=4),chunk4,0.014722099900245667,0.017278100550174712,0.01438010036945343,0.013686099648475647,0.017292100191116332,0.013540099561214446,1.0872962812191613,1.0756972606059763,1.010782792741009,0.0
bf16,128,64,32,16,1,graph_lds_chunked(chunk=8),chunk8,0.021862150728702547,0.026596200466156007,0.0198341503739357,0.019166100025177,0.018702149391174316,0.019280150532722473,1.133920126380646,1.1689646078337637,0.9700209217471011,0.0
bf16,128,64,32,32,1,graph_lds_chunked(chunk=4),chunk4,0.034452250599861144,0.04490230083465576,0.0309502512216568,0.027736198902130128,0.029008251428604127,0.02763420045375824,1.2467250737907871,1.2421403062989727,1.0036910222368318,0.0
bf16,128,64,64,8,1,graph_lds_chunked(chunk=4),chunk4,0.01990015059709549,0.02237820029258728,0.018696099519729614,0.01785614937543869,0.022544150054454804,0.017466099560260774,1.1393585916785176,1.1144704369727296,1.0223318213566905,0.0
bf16,128,64,64,16,1,graph_lds_chunked(chunk=8),chunk8,0.031706199049949646,0.03637425005435944,0.028064200282096864,0.026438200473785402,0.026054200530052186,0.02603214979171753,1.2179631457113616,1.2169323335551274,1.0008470579076674,0.0
bf16,128,64,64,32,1,graph_lds_chunked(chunk=4),chunk4,0.0544543981552124,0.06540644764900208,0.04994035065174103,0.04178029894828796,0.042864298820495604,0.04111230075359344,1.324528113412694,1.3033510895317273,1.0162481345594878,0.0
bf16,128,64,128,8,1,graph_lds_chunked(chunk=4),chunk4,0.032232248783111574,0.034434249997138976,0.02958419919013977,0.026690199971199036,0.03376224935054779,0.027288201451301574,1.1811789370081105,1.2076435852070375,0.9780857129345908,0.0
bf16,128,64,128,16,1,graph_lds_chunked(chunk=8),chunk8,0.05495039820671081,0.05724239945411682,0.04968835115432739,0.04300430119037628,0.04188629984855652,0.04129830002784729,1.330572884832014,1.311894304471597,1.0142378698472514,0.0
bf16,128,64,128,32,1,graph_lds_chunked(chunk=8),chunk8,0.10144469738006592,0.10873279571533204,0.08841865062713623,0.07620459794998169,0.07187449932098389,0.07025650143623352,1.4439190011779843,1.41141431715614,1.0230298670112246,0.0
bf16,128,128,32,8,1,graph_lds_chunked(chunk=4),chunk4,0.02037014961242676,0.02281019985675812,0.018780149519443512,0.017886149883270263,0.022664150595664977,0.017966100573539735,1.1338102850446958,1.1388783916811462,0.995549914131772,0.0
bf16,128,128,32,16,1,graph_lds_chunked(chunk=8),chunk8,0.03155224919319153,0.03637025058269501,0.02837420105934143,0.026176199316978455,0.025894200801849364,0.025860148668289184,1.2201108971922594,1.2185063920157007,1.0013167802705611,0.0
bf16,128,128,32,32,1,graph_lds_chunked(chunk=4),chunk4,0.05461040139198303,0.06446244716644287,0.05136640071868896,0.04095830023288727,0.04175235033035278,0.04101429879665375,1.3314966485892612,1.3333170830203025,0.9986346575362871,0.0
bf16,128,128,64,8,1,graph_lds_chunked(chunk=4),chunk4,0.031390249729156494,0.03383825123310089,0.029102250933647156,0.026552200317382812,0.03372625112533569,0.026818200945854187,1.1704830533760728,1.182208982831693,0.9900813395720157,0.0
bf16,128,128,64,16,1,graph_lds_chunked(chunk=8),chunk8,0.054490399360656736,0.056822401285171506,0.048470398783683775,0.042030298709869386,0.041178300976753235,0.04115630090236664,1.3239868055664676,1.3232794473822196,1.000534549361926,0.0
bf16,128,128,64,32,1,graph_lds_chunked(chunk=8),chunk8,0.09813470244407654,0.10929880142211915,0.08709859848022461,0.07401854991912842,0.0691444993019104,0.0695264995098114,1.4114719299254814,1.4192698397537629,0.9945056890452668,0.0
bf16,128,128,128,8,1,graph_global,chunk8,0.05596839785575867,0.05737640261650086,0.07876055240631104,0.06349850296974183,0.0557804524898529,0.05627639889717102,0.9945269944870648,1.003369376860827,0.9911873108969833,0.0
bf16,128,128,128,16,1,graph_global,global,0.09632869958877563,0.10143674612045288,0.14831910133361817,0.12007689476013184,0.10672874450683593,0.09780070185661316,0.984948960080106,1.0,0.984948960080106,0.0
bf16,128,128,128,32,1,graph_global,global,0.17979530096054078,0.19126745462417602,0.2752399921417236,0.22561163902282716,0.19988549947738649,0.18864539861679078,0.9530860666565854,1.0,0.9530860666565854,0.0
bf16,128,256,32,8,1,graph_lds_chunked(chunk=4),chunk4,0.030904200673103333,0.033202248811721805,0.028564199805259705,0.02617815136909485,0.033402249217033386,0.026190200448036195,1.1799909945103382,1.1805341117244788,0.9995399394149254,0.0
bf16,128,256,32,16,1,graph_lds_chunked(chunk=8),chunk8,0.05210235118865967,0.057278400659561156,0.047820350527763365,0.04154030084609985,0.04085429906845093,0.04099830090999603,1.2708417186126924,1.2753211382078238,0.9964876144047717,0.0
bf16,128,256,32,32,1,graph_lds_chunked(chunk=8),chunk8,0.09668670296669006,0.10822279453277588,0.08525664806365967,0.07329455018043518,0.06971250176429748,0.0686365008354187,1.408677624731075,1.386934918697856,1.0156768033886066,0.0
bf16,128,256,64,8,1,graph_global,global,0.05468040108680725,0.057276397943496704,0.07935054898262024,0.06329450011253357,0.055416452884674075,0.05486239790916443,0.9966826673770528,1.0,0.9966826673770528,0.0
bf16,128,256,64,16,1,graph_global,global,0.09621269702911377,0.09946674704551697,0.15144309997558594,0.12111289501190185,0.10600680112838745,0.0958827018737793,1.0034416547394427,1.0,1.0034416547394427,0.0
bf16,128,256,64,32,1,graph_global,global,0.17947734594345094,0.18776935338974,0.27233595848083497,0.22393765449523925,0.19798145294189454,0.18887540102005004,0.9502420377357587,1.0,0.9502420377357587,0.0
bf16,128,256,128,8,0,graph_global,global,0.10111474990844727,,,,,0.10161875486373902,0.9950402368542345,1.0,0.9950402368542345,0.0
bf16,128,256,128,16,0,graph_global,global,0.18100130558013916,,,,,0.1896373987197876,0.954459968350392,1.0,0.954459968350392,0.0
bf16,128,256,128,32,0,graph_global,global,0.3589726448059082,,,,,0.3618046522140503,0.9921725511520879,1.0,0.9921725511520879,0.0
bf16,256,64,32,8,1,graph_lds_chunked(chunk=8),chunk8,0.021754150092601777,0.019148150086402894,0.019916149973869323,0.019446149468421936,0.019112150371074676,0.01919814944267273,1.1331378661032658,1.1382366541823383,0.9955204499342578,0.0
bf16,256,64,32,16,1,graph_lds_chunked(chunk=4),chunk4,0.03534825146198273,0.02935819923877716,0.03165625035762787,0.02757219970226288,0.029004248976707458,0.02861025035381317,1.235510036607265,1.2820250775668676,0.9637175264559703,0.0
bf16,256,64,32,32,1,graph_lds_chunked(chunk=8),chunk8,0.06116045117378235,0.051104402542114256,0.054048401117324826,0.04901435077190399,0.04437429904937744,0.04429635107517242,1.3807108190467194,1.3782854599173757,1.001759692893727,0.0
bf16,256,64,64,8,1,graph_lds_chunked(chunk=8),chunk8,0.032234248518943784,0.02641420066356659,0.02837420105934143,0.02627820074558258,0.026058200001716613,0.026124200224876402,1.2338846066663192,1.2370097902702535,0.9974735983267752,0.0
bf16,256,64,64,16,1,graph_lds_chunked(chunk=4),chunk4,0.054738402366638184,0.04309034943580627,0.04978640079498291,0.04120230078697205,0.04199829995632172,0.041502299904823306,1.3189245533902714,1.3285278084263241,0.9927715061926871,0.0
bf16,256,64,64,32,1,graph_lds_chunked(chunk=8),chunk8,0.10488475561141967,0.07810454964637756,0.08744459748268127,0.07626454830169678,0.0692205011844635,0.0678224503993988,1.54646072198461,1.5152267582101961,1.0206133924214142,0.0
bf16,256,64,128,8,1,graph_lds,chunk8,0.05759245157241821,0.04251030087471008,0.04950835108757019,0.04292629957199097,0.04198029935359955,0.043124300241470334,1.335498808095085,1.371892350917217,0.9734720127291328,0.0
bf16,256,64,128,16,1,graph_lds_chunked(chunk=8),chunk8,0.09818869829177856,0.07184655070304871,0.08859465122222901,0.07573254704475403,0.07021849751472473,0.07020649909973145,1.3985699265861007,1.3983309493511809,1.0001709017704505,0.0
bf16,256,64,128,32,1,graph_lds_chunked(chunk=8),chunk8,0.18962939977645873,0.1379549980163574,0.16486719846725464,0.13837305307388306,0.13244295120239258,0.1316490054130554,1.4404165012981822,1.431781744931648,1.0060307769652048,0.0
bf16,256,128,32,8,1,graph_lds_chunked(chunk=8),chunk8,0.03308224976062775,0.026426199078559875,0.027716198563575746,0.026124200224876402,0.026110151410102846,0.026628199219703674,1.242376530522138,1.2670263469949539,0.9805451429393882,0.0
bf16,256,128,32,16,1,graph_lds_chunked(chunk=4),chunk4,0.053948402404785156,0.04294629991054535,0.05112040042877197,0.04101229906082153,0.0418843001127243,0.04070029854774475,1.3255038495970566,1.3154200969026217,1.0076658040409896,0.0
bf16,256,128,32,32,1,graph_lds_chunked(chunk=8),chunk8,0.10623680353164673,0.0796746015548706,0.08824265003204346,0.07685459852218628,0.0700884997844696,0.06751649975776672,1.5734939446327836,1.5157522825904026,1.0380943922734533,0.0
bf16,256,128,64,8,1,graph_lds_chunked(chunk=8),chunk8,0.05493040084838867,0.04190835058689117,0.048768350481987,0.042076298594474794,0.04112829864025116,0.04201430082321167,1.307421515343681,1.3355865101268682,0.9789118903420851,0.0
bf16,256,128,64,16,1,graph_lds_chunked(chunk=8),chunk8,0.09952870011329651,0.0710605502128601,0.08593865036964417,0.07359455227851867,0.06969850063323975,0.06823049783706665,1.458712793668448,1.4279891132382625,1.0215153464024058,0.0
bf16,256,128,64,32,1,graph_lds_chunked(chunk=8),chunk8,0.18724534511566163,0.1348489999771118,0.16307519674301146,0.13660900592803954,0.1291009545326233,0.13031494617462158,1.436867762388157,1.4503792461762588,0.9906841718648945,0.0
bf16,256,128,128,8,1,graph_global,global,0.09923070073127746,0.10867495536804199,0.1493312954902649,0.12014504671096801,0.10628689527511596,0.09893484711647034,1.0029903883558726,1.0,1.0029903883558726,0.0
bf16,256,128,128,16,1,graph_global,global,0.1806656002998352,0.19334570169448853,0.27509245872497556,0.22676401138305663,0.19887175559997558,0.19079965353012085,0.9468864170202184,1.0,0.9468864170202184,0.0
bf16,256,128,128,32,1,graph_lds,lds,0.3662712574005127,0.3501505613327026,0.5250458717346191,0.42598714828491213,0.3816567897796631,0.3524151086807251,1.0393176920582616,1.0460393266440966,0.9935742047028009,0.0
bf16,256,256,32,8,1,graph_lds,lds,0.052318400144577025,0.04101229906082153,0.04747835099697113,0.041790300607681276,0.04127430021762848,0.041290301084518435,1.26708691315873,1.2756758665733043,0.9932671349833984,0.0
bf16,256,256,32,16,1,graph_lds_chunked(chunk=8),chunk8,0.0964887022972107,0.0727805495262146,0.08637465238571167,0.0750725507736206,0.0698265016078949,0.0692865490913391,1.3926036664058925,1.3818349777715522,1.0077930352086664,0.0
bf16,256,256,32,32,1,graph_lds_chunked(chunk=8),chunk8,0.19121739864349366,0.13846299648284913,0.16310919523239137,0.13689500093460083,0.13019895553588867,0.12838895320892335,1.4893602125747651,1.46865539632371,1.0140978042247915,0.0
bf16,256,256,64,8,1,graph_global,global,0.09843069911003113,0.10774480104446411,0.15057510137557983,0.11875284910202026,0.10519280433654785,0.09658870100975037,1.019070533934345,1.0,1.019070533934345,0.0
bf16,256,256,64,16,1,graph_global,global,0.18170729875564576,0.19272940158843993,0.2739140033721924,0.22499964237213135,0.19761345386505128,0.18573135137557983,0.9783340152853528,1.0,0.9783340152853528,0.0
bf16,256,256,64,32,1,graph_lds,lds,0.3561686038970947,0.35157854557037355,0.5210378170013428,0.42110109329223633,0.37782275676727295,0.36118664741516116,0.9861067856356868,1.0130555700413248,0.9733985131688888,0.0
bf16,256,256,128,8,0,graph_global,global,0.18236935138702393,,,,,0.18857539892196656,0.9670898347800355,1.0,0.9670898347800355,0.0
bf16,256,256,128,16,0,graph_global,global,0.3520205497741699,,,,,0.359346604347229,0.9796128459697923,1.0,0.9796128459697923,0.0
bf16,256,256,128,32,0,graph_global,global,0.6993911266326904,,,,,0.7207952976226807,0.9703047854771177,1.0,0.9703047854771177,0.0
