dtype,tasks,tile_tokens,dim,num_transforms,samples,patterns,seeds,lds_fits,policy,best_variant,global_ms,lds_ms,chunk2_ms,chunk4_ms,chunk8_ms,auto_ms,auto_speedup_vs_global,best_speedup_vs_global,auto_vs_best,max_abs_diff_auto
bf16,32,64,32,8,12,contiguous;page-cross;random;tail-negative,0;1;2,1,graph_global,global,0.009332149848341941,0.016116199642419816,0.009848099946975709,0.011972099915146826,0.01606220006942749,0.009040150046348571,1.0323003269300064,1.0,1.0323003269300064,0.0
bf16,32,64,32,16,12,contiguous;page-cross;random;tail-negative,0;1;2,1,graph_lds_chunked(chunk=2),chunk2,0.011252149939537048,0.024938349425792695,0.01066409982740879,0.01220410019159317,0.016272200644016264,0.01066415011882782,1.055137991697163,1.055142967680859,0.9999952840668531,0.0
bf16,32,64,32,32,12,contiguous;page-cross;random;tail-negative,0;1;2,1,graph_lds_chunked(chunk=4),chunk4,0.014814149588346481,0.042522549629211426,0.014260150492191315,0.013564100116491317,0.01697624996304512,0.01356614977121353,1.091993663506585,1.0921586733450417,0.9998489140429098,0.0
bf16,32,64,64,8,12,contiguous;page-cross;random;tail-negative,0;1;2,1,graph_global,global,0.0112720999866724,0.02113429978489876,0.012090149894356727,0.015220200270414354,0.02105024978518486,0.011094200238585473,1.0160353828361772,1.0,1.0160353828361772,0.0
bf16,32,64,64,16,12,contiguous;page-cross;random;tail-negative,0;1;2,1,graph_lds_chunked(chunk=2),chunk2,0.014490199834108354,0.034130400419235235,0.013732200115919115,0.015764199942350385,0.021616250276565552,0.013704200088977814,1.0573546606169821,1.0551987090044315,1.0020431712000337,0.0
bf16,32,64,64,32,12,contiguous;page-cross;random;tail-negative,0;1;2,1,graph_lds_chunked(chunk=4),chunk4,0.020486249774694446,0.06011469960212708,0.019266200065612794,0.018236249685287476,0.022824300080537797,0.018142250180244446,1.1292011504175177,1.1233806362731593,1.005181248417872,0.0
bf16,32,64,128,8,12,contiguous;page-cross;random;tail-negative,0;1;2,1,graph_global,global,0.015294200181961058,0.030882400274276734,0.016822199523448943,0.02155029997229576,0.030826400220394134,0.015052200108766556,1.0160773887834216,1.0,1.0160773887834216,0.0
bf16,32,64,128,16,12,contiguous;page-cross;random;tail-negative,0;1;2,1,graph_lds_chunked(chunk=2),chunk2,0.021000249683856963,0.05176064968109131,0.01976424977183342,0.02281629964709282,0.03229639977216721,0.01973225027322769,1.064260253801345,1.062537153005676,1.0016216852190014,0.0
bf16,32,64,128,32,12,contiguous;page-cross;random;tail-negative,0;1;2,1,graph_lds_chunked(chunk=4),chunk4,0.03198640048503876,0.0967732012271881,0.029880398511886598,0.02745635062456131,0.034358400106430056,0.02721029967069626,1.1755254764608878,1.1649909677517394,1.0090425668530962,0.0
bf16,32,128,32,8,12,contiguous;page-cross;random;tail-negative,0;1;2,1,graph_global,global,0.011282150074839592,0.021082300692796707,0.012124199792742728,0.015202200412750244,0.020968250185251235,0.011038149893283843,1.0221051701521295,1.0,1.0221051701521295,0.0
bf16,32,128,32,16,12,contiguous;page-cross;random;tail-negative,0;1;2,1,graph_lds_chunked(chunk=2),chunk2,0.014526150375604629,0.03379839956760407,0.013676199316978454,0.015830200165510178,0.021614250540733335,0.013696200400590896,1.0605970963288422,1.062148191827754,0.9985396618750132,0.0
bf16,32,128,32,32,12,contiguous;page-cross;random;tail-negative,0;1;2,1,graph_lds_chunked(chunk=4),chunk4,0.02053230032324791,0.059342801570892334,0.01909625008702278,0.018112249672412872,0.022762300074100496,0.017976199835538866,1.1421935954814904,1.1336140288812973,1.0075683313558317,0.0
bf16,32,128,64,8,12,contiguous;page-cross;random;tail-negative,0;1;2,1,graph_global,global,0.015210200101137161,0.030958400666713716,0.01680620014667511,0.02136630043387413,0.030938398838043214,0.01504419967532158,1.0110341812391581,1.0,1.0110341812391581,0.0
bf16,32,128,64,16,12,contiguous;page-cross;random;tail-negative,0;1;2,1,graph_lds_chunked(chunk=2),chunk2,0.02094225063920021,0.051822698116302496,0.01970224976539612,0.02268030047416687,0.03221440017223358,0.019630300253629683,1.066832925050545,1.0629370193033465,1.0036652272678883,0.0
bf16,32,128,64,32,12,contiguous;page-cross;random;tail-negative,0;1;2,1,graph_lds_chunked(chunk=4),chunk4,0.0321263998746872,0.09690524935722351,0.02994235008955002,0.02747035026550293,0.03446450084447861,0.02724435031414032,1.1791949341516508,1.1694936382020327,1.0082952960432796,0.0
bf16,32,128,128,8,12,contiguous;page-cross;random;tail-negative,0;1;2,1,graph_global,global,0.02299025058746338,0.05054264962673187,0.02598630040884018,0.034144450724124906,0.050450649857521054,0.02279829978942871,1.0084195224998171,1.0,1.0084195224998171,0.0
bf16,32,128,128,16,12,contiguous;page-cross;random;tail-negative,0;1;2,1,graph_global,global,0.03416839987039566,0.08688915073871613,0.04507260024547577,0.036530449986457825,0.05319865047931671,0.03386240005493164,1.0090365660723286,1.0,1.0090365660723286,0.0
bf16,32,128,128,32,12,contiguous;page-cross;random;tail-negative,0;1;2,1,graph_global,global,0.05515669882297516,0.16319209933280945,0.08077504932880403,0.06560879945755005,0.05701069831848145,0.05487470030784607,1.0051389531705337,1.0,1.0051389531705337,0.0
bf16,32,256,32,8,12,contiguous;page-cross;random;tail-negative,0;1;2,1,graph_global,global,0.01506815031170845,0.03092840015888214,0.01666219979524612,0.021388299763202667,0.03082035034894943,0.014824200421571732,1.0164561921182427,1.0,1.0164561921182427,0.0
bf16,32,256,32,16,12,contiguous;page-cross;random;tail-negative,0;1;2,1,graph_lds_chunked(chunk=2),chunk2,0.02060225009918213,0.05153869986534118,0.019436249881982802,0.022522300481796265,0.03202640116214753,0.0194302000105381,1.0603210511476135,1.0599910077447707,1.0003113643421797,0.0
bf16,32,256,32,32,12,contiguous;page-cross;random;tail-negative,0;1;2,1,graph_lds_chunked(chunk=4),chunk4,0.031490400433540344,0.09638919830322265,0.029192399978637693,0.026970399916172026,0.034022448956966406,0.02681034952402115,1.174561353828156,1.1675911566538555,1.0059697241920504,0.0
bf16,32,256,64,8,12,contiguous;page-cross;random;tail-negative,0;1;2,1,graph_global,global,0.022724299877882007,0.05045464932918549,0.02570430040359497,0.03392839878797531,0.05056464970111847,0.022514299303293225,1.0093274310588056,1.0,1.0093274310588056,0.0
bf16,32,256,64,16,12,contiguous;page-cross;random;tail-negative,0;1;2,1,graph_global,global,0.03368844985961914,0.08695710003376007,0.04396655112504959,0.036086449027061464,0.05294264853000641,0.03365845084190369,1.0008912774344951,1.0,1.0008912774344951,0.0
bf16,32,256,64,32,12,contiguous;page-cross;random;tail-negative,0;1;2,1,graph_global,global,0.054088699817657473,0.16371610164642333,0.07989500164985656,0.06495079994201661,0.056868749856948855,0.0540567010641098,1.0005919479531264,1.0,1.0005919479531264,0.0
bf16,32,256,128,8,12,contiguous;page-cross;random;tail-negative,0;1;2,0,graph_global,global,0.03782844990491867,,,,,0.037796500325202945,1.0008453052383377,1.0,1.0008453052383377,0.0
bf16,32,256,128,16,12,contiguous;page-cross;random;tail-negative,0;1;2,0,graph_global,global,0.060344749689102174,,,,,0.06053875088691711,0.9967954211976173,1.0,0.9967954211976173,0.0
bf16,32,256,128,32,12,contiguous;page-cross;random;tail-negative,0;1;2,0,graph_global,global,0.10624729990959167,,,,,0.10743339657783509,0.9889597024200562,1.0,0.9889597024200562,0.0
bf16,128,64,32,8,12,contiguous;page-cross;random;tail-negative,0;1;2,1,graph_lds_chunked(chunk=4),chunk4,0.014758200198411942,0.0168782502412796,0.014120199531316758,0.013606199622154237,0.016778200119733813,0.01342419981956482,1.09937280409838,1.0846673287360833,1.0135575903991063,0.0
bf16,128,64,32,16,12,contiguous;page-cross;random;tail-negative,0;1;2,1,graph_lds_chunked(chunk=8),chunk8,0.02166429981589317,0.02635840028524399,0.01976030021905899,0.019432199746370317,0.01904425024986267,0.018964250385761258,1.1423757530726952,1.1375769343321558,1.0042184564364052,0.0
bf16,128,64,32,32,12,contiguous;page-cross;random;tail-negative,0;1;2,1,graph_lds_chunked(chunk=4),chunk4,0.03533840030431747,0.045624549686908725,0.03293440043926239,0.028374350070953368,0.029718349874019622,0.028404399752616882,1.244117130166138,1.2454347047932266,0.9989420765119057,0.0
bf16,128,64,64,8,12,contiguous;page-cross;random;tail-negative,0;1;2,1,graph_lds_chunked(chunk=4),chunk4,0.020530249923467636,0.022780300676822664,0.019102299958467482,0.01809225007891655,0.022660300135612488,0.01799830049276352,1.1406771395844915,1.1347538218804614,1.0052199143019533,0.0
bf16,128,64,64,16,12,contiguous;page-cross;random;tail-negative,0;1;2,1,graph_lds_chunked(chunk=8),chunk8,0.03224640041589737,0.03713045120239258,0.02873634994029999,0.027118399739265442,0.026572400331497194,0.02653834968805313,1.2150868759715625,1.2135298284541718,1.0012830731316873,0.0
bf16,128,64,64,32,12,contiguous;page-cross;random;tail-negative,0;1;2,1,graph_lds_chunked(chunk=4),chunk4,0.05725874900817871,0.06743485033512116,0.052282598614692685,0.0430905506014824,0.04402859956026077,0.04302249997854233,1.330902412382748,1.3288005887353156,1.0015817449700508,0.0
bf16,128,64,128,8,12,contiguous;page-cross;random;tail-negative,0;1;2,1,graph_lds_chunked(chunk=4),chunk4,0.032294450700283056,0.03436845093965531,0.029710349440574643,0.027252350747585297,0.03415040075778961,0.027072350680828097,1.1928942218952974,1.1850152304070325,1.006648852509312,0.0
bf16,128,64,128,16,12,contiguous;page-cross;random;tail-negative,0;1;2,1,graph_lds_chunked(chunk=8),chunk8,0.0564147025346756,0.05874069929122924,0.050378650426864624,0.04383855015039444,0.042472550272941584,0.04274255037307739,1.3198721658455363,1.3282626584026032,0.9936831074004916,0.0
bf16,128,64,128,32,12,contiguous;page-cross;random;tail-negative,0;1;2,1,graph_lds_chunked(chunk=8),chunk8,0.10209130048751831,0.10938339829444885,0.08943114876747131,0.07690100073814392,0.07150289714336396,0.07141090035438538,1.429631890662037,1.427792503048154,1.0012882737582363,0.0
bf16,128,128,32,8,12,contiguous;page-cross;random;tail-negative,0;1;2,1,graph_lds_chunked(chunk=4),chunk4,0.020286250114440917,0.022718250006437304,0.019102250039577485,0.01803020015358925,0.02266630008816719,0.017902200669050218,1.1331707475222477,1.125126173954456,1.0071499301625146,0.0
bf16,128,128,32,16,12,contiguous;page-cross;random;tail-negative,0;1;2,1,graph_lds_chunked(chunk=8),chunk8,0.03187039941549301,0.037112450599670416,0.028548400104045867,0.0270362988114357,0.02657429873943329,0.026526351273059846,1.2014618628631588,1.1992940896762367,1.0018075409572873,0.0
bf16,128,128,32,32,12,contiguous;page-cross;random;tail-negative,0;1;2,1,graph_lds_chunked(chunk=4),chunk4,0.056380701065063474,0.06694085001945496,0.05048860013484954,0.042888599634170535,0.04364849925041199,0.04277649968862533,1.318029793822883,1.3145847974981073,1.0026205965041832,0.0
bf16,128,128,64,8,12,contiguous;page-cross;random;tail-negative,0;1;2,1,graph_lds_chunked(chunk=4),chunk4,0.0319363996386528,0.03404045104980469,0.02952440083026886,0.027124349772930146,0.034012450277805334,0.026908400654792785,1.1868561066993202,1.1774070127397132,1.0080253420077903,0.0
bf16,128,128,64,16,12,contiguous;page-cross;random;tail-negative,0;1;2,1,graph_lds_chunked(chunk=8),chunk8,0.05604069828987122,0.0588146984577179,0.05025265216827393,0.04367859959602356,0.042568549513816833,0.04255049973726273,1.3170397207061406,1.3164812738494087,1.0004241965820744,0.0
bf16,128,128,64,32,12,contiguous;page-cross;random;tail-negative,0;1;2,1,graph_lds_chunked(chunk=8),chunk8,0.10149329900741577,0.10869529843330383,0.08844709992408753,0.07630495131015777,0.07075490057468414,0.07096289992332458,1.4302304319169494,1.434434903915754,0.9970689001032205,0.0
bf16,128,128,128,8,12,contiguous;page-cross;random;tail-negative,0;1;2,1,graph_global,global,0.055056697130203246,0.05678269863128663,0.07957299947738647,0.06490879952907563,0.05658474862575531,0.0549386978149414,1.0021478360418974,1.0,1.0021478360418974,0.0
bf16,128,128,128,16,12,contiguous;page-cross;random;tail-negative,0;1;2,1,graph_global,global,0.09807724952697754,0.10133929848670958,0.1533900022506714,0.12269355058670044,0.10808539986610413,0.09790325164794922,1.0017772431058163,1.0,1.0017772431058163,0.0
bf16,128,128,128,32,12,contiguous;page-cross;random;tail-negative,0;1;2,1,graph_global,global,0.18142029643058777,0.19447049498558044,0.2846016526222229,0.22972689867019652,0.20083855390548705,0.18997039794921874,0.9549924535036426,1.0,0.9549924535036426,0.0
bf16,128,256,32,8,12,contiguous;page-cross;random;tail-negative,0;1;2,1,graph_lds_chunked(chunk=4),chunk4,0.031372399628162385,0.03387845009565353,0.029228401184082032,0.02683840095996857,0.03383844941854477,0.02670234888792038,1.1748928815155526,1.1689369897616704,1.0050951349867852,0.0
bf16,128,256,32,16,12,contiguous;page-cross;random;tail-negative,0;1;2,1,graph_lds_chunked(chunk=8),chunk8,0.053812697529792786,0.057814750075340274,0.04862660020589829,0.04262650012969971,0.04188850075006485,0.04220255017280579,1.2751053504929726,1.2846651602757464,0.9925585202445112,0.0
bf16,128,256,32,32,12,contiguous;page-cross;random;tail-negative,0;1;2,1,graph_lds_chunked(chunk=8),chunk8,0.10053929686546326,0.10821934938430786,0.08686510026454924,0.07488895058631898,0.07022089958190919,0.07025290131568909,1.4311052637339337,1.4317574605860632,0.9995444781186175,0.0
bf16,128,256,64,8,12,contiguous;page-cross;random;tail-negative,0;1;2,1,graph_global,global,0.05481870174407959,0.056220701336860655,0.07849299907684326,0.06407285034656524,0.05636469721794128,0.05451669991016388,1.0055396206009053,1.0,1.0055396206009053,0.0
bf16,128,256,64,16,12,contiguous;page-cross;random;tail-negative,0;1;2,1,graph_global,global,0.0975171983242035,0.10087729692459106,0.15056200027465821,0.12172350287437439,0.1076233983039856,0.09761520028114318,0.9989960379463708,1.0,0.9989960379463708,0.0
bf16,128,256,64,32,12,contiguous;page-cross;random;tail-negative,0;1;2,1,graph_global,global,0.17962629795074464,0.19395450353622434,0.2778315544128418,0.22716690301895143,0.19913455247879028,0.1922604501247406,0.9342862655018295,1.0,0.9342862655018295,0.0
bf16,128,256,128,8,12,contiguous;page-cross;random;tail-negative,0;1;2,0,graph_global,global,0.1031699001789093,,,,,0.10355330109596253,0.9962975500250066,1.0,0.9962975500250066,0.0
bf16,128,256,128,16,12,contiguous;page-cross;random;tail-negative,0;1;2,0,graph_global,global,0.19077445268630983,,,,,0.18999249935150148,1.0041157063435524,1.0,1.0041157063435524,0.0
bf16,128,256,128,32,12,contiguous;page-cross;random;tail-negative,0;1;2,0,graph_global,global,0.3780508041381836,,,,,0.37852489948272705,0.9987475187360426,1.0,0.9987475187360426,0.0
bf16,256,64,32,8,12,contiguous;page-cross;random;tail-negative,0;1;2,1,graph_lds,lds,0.021658249944448472,0.019056249409914017,0.019822299480438232,0.019390200078487393,0.019138249754905703,0.018906250596046448,1.1455602915248306,1.136543161173193,1.0079338213098126,0.0
bf16,256,64,32,16,12,contiguous;page-cross;random;tail-negative,0;1;2,1,graph_lds_chunked(chunk=4),chunk4,0.03516244888305664,0.029934400320053102,0.032334399223327634,0.02832235097885132,0.029602399468421935,0.028048400580883027,1.2536347226523263,1.2415088319932521,1.0097670595219255,0.0
bf16,256,64,32,32,12,contiguous;page-cross;random;tail-negative,0;1;2,1,graph_lds_chunked(chunk=8),chunk8,0.06340680122375489,0.05208464860916138,0.05582869946956635,0.049834650754928586,0.04590660035610199,0.04633059948682785,1.3685728638538757,1.3812131748354732,0.9908483996446795,0.0
bf16,256,64,64,8,12,contiguous;page-cross;random;tail-negative,0;1;2,1,graph_lds_chunked(chunk=8),chunk8,0.0324083998799324,0.026596349477767945,0.028566400706768035,0.027210350334644317,0.026502300798892976,0.026572300493717192,1.219630941912429,1.2228523148181205,0.9973656893259668,0.0
bf16,256,64,64,16,12,contiguous;page-cross;random;tail-negative,0;1;2,1,graph_lds_chunked(chunk=4),chunk4,0.05720070004463196,0.044792599976062775,0.05156870186328888,0.042422550916671756,0.04302649945020676,0.042656499147415164,1.3409609599454935,1.3483559759757986,0.9945155313863213,0.0
bf16,256,64,64,32,12,contiguous;page-cross;random;tail-negative,0;1;2,1,graph_lds_chunked(chunk=8),chunk8,0.10950540304183959,0.08010099828243256,0.09122714996337891,0.07736100256443024,0.06988890171051027,0.07022889852523803,1.5592641397114726,1.5668496765827926,0.9951587334862502,0.0
bf16,256,64,128,8,12,contiguous;page-cross;random;tail-negative,0;1;2,1,graph_lds_chunked(chunk=8),chunk8,0.05647270083427429,0.042160500586032865,0.04985464960336686,0.0430525004863739,0.042012500762939456,0.04213055074214936,1.3404216142319825,1.3441880347215758,0.9971979958217874,0.0
bf16,256,64,128,16,12,contiguous;page-cross;random;tail-negative,0;1;2,1,graph_lds_chunked(chunk=8),chunk8,0.1041492998600006,0.07319889962673187,0.08860515058040619,0.07677899897098542,0.07123689949512482,0.0710928976535797,1.4649747484973474,1.4620133750645363,1.0020255446929003,0.0
bf16,256,64,128,32,12,contiguous;page-cross;random;tail-negative,0;1;2,1,graph_lds_chunked(chunk=8),chunk8,0.19749249815940856,0.14277380108833312,0.17425025105476377,0.14435585141181945,0.1355477511882782,0.13473570346832275,1.4657770217961592,1.45699575557759,1.006026967604369,0.0
bf16,256,128,32,8,12,contiguous;page-cross;random;tail-negative,0;1;2,1,graph_lds_chunked(chunk=8),lds,0.03185440003871918,0.02652834951877594,0.02897830009460449,0.027176299691200258,0.026564350724220274,0.026502349972724916,1.2019462452009864,1.2007682579790209,1.0009810279495133,0.0
bf16,256,128,32,16,12,contiguous;page-cross;random;tail-negative,0;1;2,1,graph_lds_chunked(chunk=4),chunk4,0.0559487521648407,0.044396549463272095,0.051824599504470825,0.04180060029029846,0.043198499083518985,0.0421145498752594,1.3284898528075766,1.3384676721455098,0.9925453415531962,0.0
bf16,256,128,32,32,12,contiguous;page-cross;random;tail-negative,0;1;2,1,graph_lds_chunked(chunk=8),chunk8,0.10820940136909485,0.0795749992132187,0.08873310089111328,0.07657299935817719,0.06929490268230439,0.06961289942264556,1.5544446829044671,1.5615780841081681,0.9954319279475704,0.0
bf16,256,128,64,8,12,contiguous;page-cross;random;tail-negative,0;1;2,1,graph_lds_chunked(chunk=8),chunk8,0.0559207022190094,0.04198455065488815,0.04939064979553223,0.04272460043430328,0.04179454892873764,0.04175655096769333,1.3392078829085943,1.3379903277424465,1.0009099880177774,0.0
bf16,256,128,64,16,12,contiguous;page-cross;random;tail-negative,0;1;2,1,graph_lds_chunked(chunk=8),chunk8,0.10260930061340331,0.07245889902114869,0.08757715225219727,0.07540495097637176,0.07071695029735565,0.07059490084648132,1.453494507153454,1.4509859401733876,1.0017288706324519,0.0
bf16,256,128,64,32,12,contiguous;page-cross;random;tail-negative,0;1;2,1,graph_lds_chunked(chunk=8),chunk8,0.19766049981117248,0.14269779920578002,0.17178620100021363,0.14273589849472046,0.134877747297287,0.1345476984977722,1.4690738081591583,1.465478952399054,1.002453024490198,0.0
bf16,256,128,128,8,12,contiguous;page-cross;random;tail-negative,0;1;2,1,graph_global,global,0.09851930141448975,0.10928939580917359,0.153192001581192,0.12279154658317566,0.10760334730148316,0.0984752506017685,1.0004473287699402,1.0,1.0004473287699402,0.0
bf16,256,128,128,16,12,contiguous;page-cross;random;tail-negative,0;1;2,1,graph_global,global,0.1826084017753601,0.20192660093307496,0.2852876543998718,0.22983700037002563,0.19991865158081054,0.19080650210380556,0.9570344813302778,1.0,0.9570344813302778,0.0
bf16,256,128,128,32,12,contiguous;page-cross;random;tail-negative,0;1;2,1,graph_global,global,0.3556965947151184,0.3735707998275757,0.5418630123138428,0.42789549827575685,0.3843369007110596,0.37118480205535886,0.958273595108211,1.0,0.958273595108211,0.0
bf16,256,256,32,8,12,contiguous;page-cross;random;tail-negative,0;1;2,1,graph_lds_chunked(chunk=8),chunk8,0.05427469909191132,0.0417504996061325,0.04834460020065308,0.042436550557613376,0.04163454920053482,0.041738550364971164,1.3003494040238888,1.3035976162608274,0.997508270806558,0.0
bf16,256,256,32,16,12,contiguous;page-cross;random;tail-negative,0;1;2,1,graph_lds_chunked(chunk=8),chunk8,0.10055944919586182,0.07306694984436035,0.08651320040225982,0.07522104978561402,0.07056095004081726,0.0705949991941452,1.4244557028651643,1.4251430732960848,0.9995176832110402,0.0
bf16,256,256,32,32,12,contiguous;page-cross;random;tail-negative,0;1;2,1,graph_lds_chunked(chunk=8),chunk8,0.19659050107002257,0.14308584928512574,0.16891019940376284,0.14088189601898193,0.13383570313453674,0.1335437476634979,1.4721056171449463,1.4688942970053538,1.0021862159490573,0.0
bf16,256,256,64,8,12,contiguous;page-cross;random;tail-negative,0;1;2,1,graph_global,global,0.09797325134277343,0.10885344743728638,0.1522319495677948,0.12190760374069214,0.10736940503120422,0.09768120050430298,1.002989836703098,1.0,1.002989836703098,0.0
bf16,256,256,64,16,12,contiguous;page-cross;random;tail-negative,0;1;2,1,graph_global,global,0.18231239914894104,0.2022465944290161,0.28318560123443604,0.22669495344161988,0.1989646017551422,0.19156650304794312,0.9516924736226663,1.0,0.9516924736226663,0.0
bf16,256,256,64,32,12,contiguous;page-cross;random;tail-negative,0;1;2,1,graph_global,global,0.3537245988845825,0.36607270240783696,0.5328228950500489,0.42322549819946287,0.38199294805526735,0.3727028012275696,0.9490795285667866,1.0,0.9490795285667866,0.0
bf16,256,256,128,8,12,contiguous;page-cross;random;tail-negative,0;1;2,0,graph_global,global,0.19525450468063354,,,,,0.19572449922561647,0.9975986933325033,1.0,0.9975986933325033,0.0
bf16,256,256,128,16,12,contiguous;page-cross;random;tail-negative,0;1;2,0,graph_global,global,0.38251495361328125,,,,,0.3818269491195679,1.0018018751565332,1.0,1.0018018751565332,0.0
bf16,256,256,128,32,12,contiguous;page-cross;random;tail-negative,0;1;2,0,graph_global,global,0.760481858253479,,,,,0.7681258916854858,0.9900484627393127,1.0,0.9900484627393127,0.0
fp16,32,64,32,8,12,contiguous;page-cross;random;tail-negative,0;1;2,1,graph_global,global,0.009790100157260895,0.01928820013999939,0.010708099976181985,0.013630150258541108,0.019310200214385988,0.009608099982142449,1.0189423689862418,1.0,1.0189423689862418,0.0
fp16,32,64,32,16,12,contiguous;page-cross;random;tail-negative,0;1;2,1,graph_lds_chunked(chunk=2),chunk2,0.01232615001499653,0.03158634901046753,0.012032199651002884,0.014312150329351426,0.01982224956154823,0.01204415000975132,1.023413856936097,1.0244303097122516,0.9990077872877073,0.0
fp16,32,64,32,32,12,contiguous;page-cross;random;tail-negative,0;1;2,1,graph_lds_chunked(chunk=2),chunk2,0.016748200356960296,0.05590869784355164,0.016266199946403506,0.016332200169563292,0.02077220007777214,0.016256199777126314,1.0302654117554746,1.029632022976784,1.0006151603335525,0.0
fp16,32,64,64,8,12,contiguous;page-cross;random;tail-negative,0;1;2,1,graph_global,global,0.012636099755764008,0.02774440050125122,0.014114199578762053,0.018774300068616866,0.027666300535202026,0.012414200231432915,1.0178746532353522,1.0,1.0178746532353522,0.0
fp16,32,64,64,16,12,contiguous;page-cross;random;tail-negative,0;1;2,1,graph_global,chunk2,0.016708199679851533,0.047636599838733674,0.016494200378656385,0.019710250198841095,0.028800399601459505,0.016508200019598004,1.0121151706434435,1.0129742149532792,0.9991519583646309,0.0
fp16,32,64,64,32,12,contiguous;page-cross;random;tail-negative,0;1;2,1,graph_lds_chunked(chunk=2),chunk2,0.024730300158262254,0.08789109885692596,0.023976299911737442,0.024044299870729445,0.030716349184513093,0.023652300238609314,1.0455769590601274,1.0314477316892294,1.0136984424288358,0.0
fp16,32,64,128,8,12,contiguous;page-cross;random;tail-negative,0;1;2,1,graph_global,global,0.01807420030236244,0.04448255002498627,0.020834250003099443,0.028942349553108215,0.044460500776767733,0.01785220056772232,1.012435426870652,1.0,1.012435426870652,0.0
fp16,32,64,128,16,12,contiguous;page-cross;random;tail-negative,0;1;2,1,graph_global,global,0.025542299449443816,0.07888295054435729,0.025650300085544586,0.030898399651050568,0.04724454879760742,0.025460349023342134,1.0032187471596148,1.0,1.0032187471596148,0.0
fp16,32,64,128,32,12,contiguous;page-cross;random;tail-negative,0;1;2,1,graph_lds_chunked(chunk=2),chunk2,0.04059250056743622,0.15161589980125428,0.039186449348926546,0.039486499130725855,0.050292599201202395,0.03898050040006638,1.0413540142077575,1.0358810568926473,1.0052833839162265,0.0
fp16,32,128,32,8,12,contiguous;page-cross;random;tail-negative,0;1;2,1,graph_global,global,0.012650199979543687,0.02787030041217804,0.014166100323200224,0.018850200623273847,0.027728399634361266,0.01247210018336773,1.014279856123467,1.0,1.014279856123467,0.0
fp16,32,128,32,16,12,contiguous;page-cross;random;tail-negative,0;1;2,1,graph_global,chunk2,0.016688200086355208,0.04735859930515289,0.01650419980287552,0.019774200022220613,0.028820401430130003,0.016516199707984923,1.0104140408454332,1.0111486946157564,0.9992734463543934,0.0
fp16,32,128,32,32,12,contiguous;page-cross;random;tail-negative,0;1;2,1,graph_lds_chunked(chunk=2),chunk2,0.02469229996204376,0.08690904974937438,0.023568300157785417,0.023898300528526303,0.030606400966644288,0.023568300157785417,1.047691169780314,1.047691169780314,1.0,0.0
fp16,32,128,64,8,12,contiguous;page-cross;random;tail-negative,0;1;2,1,graph_global,global,0.018038249760866164,0.04468659907579422,0.020858249813318252,0.028908351063728334,0.04460455030202866,0.017830199748277663,1.0116684061606545,1.0,1.0116684061606545,0.0
fp16,32,128,64,16,12,contiguous;page-cross;random;tail-negative,0;1;2,1,graph_global,chunk2,0.025506299734115598,0.07912500202655792,0.025484350323677064,0.030780400335788726,0.04691659957170487,0.025474299490451813,1.0012561775712725,1.0008612897782267,1.0003945479729097,0.0
fp16,32,128,64,32,12,contiguous;page-cross;random;tail-negative,0;1;2,1,graph_lds_chunked(chunk=2),chunk2,0.040666550397872925,0.15157589912414549,0.038912500441074374,0.03908049911260605,0.05003460049629212,0.03890250027179718,1.045345417743101,1.0450767731941237,1.000257057238155,0.0
fp16,32,128,128,8,12,contiguous;page-cross;random;tail-negative,0;1;2,1,graph_global,global,0.028710299730300905,0.07806700170040132,0.03425039947032928,0.049184699356555936,0.07804695069789885,0.028552301228046417,1.0055336521211569,1.0,1.0055336521211569,0.0
fp16,32,128,128,16,12,contiguous;page-cross;random;tail-negative,0;1;2,1,graph_global,global,0.04338250011205673,0.14485780000686643,0.06128875017166138,0.052770599722862244,0.08299704790115356,0.04316449910402298,1.0050504700056495,1.0,1.0050504700056495,0.0
fp16,32,128,128,32,12,contiguous;page-cross;random;tail-negative,0;1;2,1,graph_global,global,0.0729348987340927,0.278943395614624,0.11366739869117737,0.09990719854831695,0.08906910121440888,0.07249490022659302,1.006069371860978,1.0,1.006069371860978,0.0
fp16,32,256,32,8,12,contiguous;page-cross;random;tail-negative,0;1;2,1,graph_global,global,0.01796620041131973,0.04452055096626281,0.020656300336122514,0.02881230115890503,0.04442460089921951,0.01770630031824112,1.0146783963000368,1.0,1.0146783963000368,0.0
fp16,32,256,32,16,12,contiguous;page-cross;random;tail-negative,0;1;2,1,graph_global,global,0.025340300798416135,0.0788529485464096,0.025414299964904786,0.03050840049982071,0.0467225506901741,0.02516835033893585,1.0068320115210043,1.0,1.0068320115210043,0.0
fp16,32,256,32,32,12,contiguous;page-cross;random;tail-negative,0;1;2,1,graph_lds_chunked(chunk=2),chunk2,0.04051849991083145,0.15086185336112976,0.038672450184822085,0.0389504998922348,0.04975659996271134,0.03848849982023239,1.0527430297382478,1.0477355253465137,1.0047793591708918,0.0
fp16,32,256,64,8,12,contiguous;page-cross;random;tail-negative,0;1;2,1,graph_global,global,0.028528299927711484,0.07796500027179717,0.03378439992666245,0.04876459985971451,0.07780295014381408,0.02835040092468262,1.0062750083676588,1.0,1.0062750083676588,0.0
fp16,32,256,64,16,12,contiguous;page-cross;random;tail-negative,0;1;2,1,graph_global,global,0.042698501050472265,0.1448997974395752,0.060082700848579404,0.052122649550437924,0.08251304924488068,0.0425925001502037,1.002488722190403,1.0,1.002488722190403,0.0
fp16,32,256,64,32,12,contiguous;page-cross;random;tail-negative,0;1;2,1,graph_global,global,0.07209089994430543,0.2784474968910218,0.11121540069580077,0.09840525090694427,0.08853909969329835,0.07216489911079407,0.9989745822775276,1.0,0.9989745822775276,0.0
fp16,32,256,128,8,12,contiguous;page-cross;random;tail-negative,0;1;2,0,graph_global,global,0.04972459971904755,,,,,0.04952865093946457,1.0039562712867443,1.0,1.0039562712867443,0.0
fp16,32,256,128,16,12,contiguous;page-cross;random;tail-negative,0;1;2,0,graph_global,global,0.08017700016498566,,,,,0.08004694879055023,1.0016246887158151,1.0,1.0016246887158151,0.0
fp16,32,256,128,32,12,contiguous;page-cross;random;tail-negative,0;1;2,0,graph_global,global,0.1448580503463745,,,,,0.14387604594230652,1.0068253502355893,1.0,1.0068253502355893,0.0
fp16,128,64,32,8,12,contiguous;page-cross;random;tail-negative,0;1;2,1,graph_lds_chunked(chunk=2),chunk2,0.016766200214624404,0.020746300369501113,0.016204199939966205,0.016334249824285507,0.020682249963283536,0.01624219939112663,1.0322616913436025,1.0346823833784027,0.9976604491642194,0.0
fp16,128,64,32,16,12,contiguous;page-cross;random;tail-negative,0;1;2,1,graph_lds_chunked(chunk=4),chunk4,0.025336299836635587,0.033960451185703275,0.023746300488710403,0.02346630021929741,0.02438030019402504,0.023302299529314043,1.0872875359259198,1.0796887280850687,1.007037961630227,0.0
fp16,128,64,32,32,12,contiguous;page-cross;random;tail-negative,0;1;2,1,graph_lds_chunked(chunk=4),chunk4,0.04272854924201965,0.060804697871208194,0.03887850046157837,0.036322399973869324,0.03780644983053208,0.03617644906044006,1.1811150721463288,1.1763691075688547,1.0040344178939569,0.0
fp16,128,64,64,8,12,contiguous;page-cross;random;tail-negative,0;1;2,1,graph_lds_chunked(chunk=2),chunk2,0.024688349664211275,0.030576349794864656,0.02343029975891113,0.023822299391031268,0.03043639957904816,0.023440299928188323,1.0532437613787569,1.0536932910908097,0.9995733770767512,0.0
fp16,128,64,64,16,12,contiguous;page-cross;random;tail-negative,0;1;2,1,graph_lds_chunked(chunk=4),chunk4,0.040646599233150484,0.052772700786590576,0.03718255013227463,0.03604650050401688,0.038346500694751734,0.03593850135803223,1.1310042905855895,1.1276156815450362,1.0030051098933905,0.0
fp16,128,64,64,32,12,contiguous;page-cross;random;tail-negative,0;1;2,1,graph_lds_chunked(chunk=4),chunk4,0.07294490039348603,0.1000732034444809,0.06497889757156372,0.05960269868373871,0.0610868513584137,0.060252800583839417,1.2106474667843208,1.2238523087778816,0.9892104284979066,0.0
fp16,128,64,128,8,12,contiguous;page-cross;random;tail-negative,0;1;2,1,graph_lds_chunked(chunk=2),chunk2,0.04079450070858002,0.050198698043823244,0.038828450441360476,0.03903649896383286,0.04999865144491196,0.038928501307964325,1.0479340158988841,1.0506342706152725,0.997429881366037,0.0
fp16,128,64,128,16,12,contiguous;page-cross;random;tail-negative,0;1;2,1,graph_lds_chunked(chunk=4),chunk4,0.07209690213203429,0.09164510071277618,0.0671408474445343,0.06245074868202209,0.06662284731864929,0.06296280026435852,1.1450714045329131,1.154460173073779,0.9918673950302956,0.0
fp16,128,64,128,32,12,contiguous;page-cross;random;tail-negative,0;1;2,1,graph_lds_chunked(chunk=8),chunk8,0.13504765033721924,0.1735021471977234,0.12277149558067321,0.11215940117835999,0.11200139522552491,0.11248939633369445,1.200536714914949,1.2057675716029128,0.9956618034759301,0.0
fp16,128,128,32,8,12,contiguous;page-cross;random;tail-negative,0;1;2,1,graph_lds_chunked(chunk=2),chunk2,0.024506299942731857,0.030478350818157196,0.02341030016541481,0.023760300129652023,0.030454400181770324,0.023348300158977507,1.0495967490510907,1.046816989512002,1.0026554398399519,0.0
fp16,128,128,32,16,12,contiguous;page-cross;random;tail-negative,0;1;2,1,graph_lds_chunked(chunk=4),chunk4,0.03983450084924698,0.05238659977912903,0.03677044957876205,0.03567845076322555,0.038144451379776,0.035640500485897064,1.1176751253818527,1.1164862822548658,1.001064807643302,0.0
fp16,128,128,32,32,12,contiguous;page-cross;random;tail-negative,0;1;2,1,graph_lds_chunked(chunk=4),chunk4,0.07192690074443817,0.09924919903278351,0.0636808007955551,0.05886070132255554,0.06018075048923492,0.05968874990940094,1.2050327884838097,1.221985112788244,0.9861272251789112,0.0
fp16,128,128,64,8,12,contiguous;page-cross;random;tail-negative,0;1;2,1,graph_lds_chunked(chunk=2),chunk2,0.040686500072479245,0.04997060000896454,0.03870649933815003,0.038888500630855555,0.049808600544929506,0.03885649889707565,1.047096398989805,1.051154218753585,0.9961396532579286,0.0
fp16,128,128,64,16,12,contiguous;page-cross;random;tail-negative,0;1;2,1,graph_lds_chunked(chunk=4),chunk4,0.07173689901828767,0.0900070995092392,0.06629079878330231,0.061772802472114564,0.06630280017852783,0.06203480064868927,1.1563976714383686,1.1613023231489472,0.9957765935598241,0.0
fp16,128,128,64,32,12,contiguous;page-cross;random;tail-negative,0;1;2,1,graph_lds_chunked(chunk=8),chunk8,0.13432770371437075,0.17388209700584412,0.12179549932479858,0.11191940307617188,0.11141140460968017,0.1116454005241394,1.2031637943322806,1.205690783497217,0.9979041150521142,0.0
fp16,128,128,128,8,12,contiguous;page-cross;random;tail-negative,0;1;2,1,graph_global,global,0.07269090116024017,0.08919315040111542,0.11191160082817078,0.09958930015563965,0.08932915031909944,0.07252694964408873,1.002260559929185,1.0,1.002260559929185,0.0
fp16,128,128,128,16,12,contiguous;page-cross;random;tail-negative,0;1;2,1,graph_global,global,0.13092964887619019,0.1748661994934082,0.2107587933540344,0.18214034438133242,0.17257214784622193,0.13286575078964236,0.9854281340229095,1.0,0.9854281340229095,0.0
fp16,128,128,128,32,12,contiguous;page-cross;random;tail-negative,0;1;2,1,graph_global,global,0.24756510257720948,0.3238922476768494,0.38435100317001347,0.3419102430343628,0.31844614744186406,0.26859345436096194,0.9217093661728163,1.0,0.9217093661728163,0.0
fp16,128,256,32,8,12,contiguous;page-cross;random;tail-negative,0;1;2,1,graph_lds_chunked(chunk=2),chunk2,0.04026255011558533,0.049790650606155396,0.03836050033569336,0.038844500482082364,0.04961265027523041,0.03834849894046784,1.049912023364692,1.0495835498298276,1.000312956062352,0.0
fp16,128,256,32,16,12,contiguous;page-cross;random;tail-negative,0;1;2,1,graph_lds_chunked(chunk=4),chunk4,0.07027495205402375,0.08952720165252687,0.06603485047817231,0.06161085069179535,0.06579889953136445,0.061770802736282354,1.1376726372498038,1.1406262251688433,0.9974105558386559,0.0
fp16,128,256,32,32,12,contiguous;page-cross;random;tail-negative,0;1;2,1,graph_lds_chunked(chunk=4),chunk8,0.13395565152168276,0.17416209578514097,0.12225754857063294,0.11247544884681701,0.11191539764404297,0.11209539771080018,1.1950147308213386,1.1969367427683257,0.9983942242907992,0.0
fp16,128,256,64,8,12,contiguous;page-cross;random;tail-negative,0;1;2,1,graph_global,global,0.07227490246295928,0.08845710158348083,0.11175734996795654,0.09896125197410584,0.0884431004524231,0.0721008986234665,1.0024133380140168,1.0,1.0024133380140168,0.0
fp16,128,256,64,16,12,contiguous;page-cross;random;tail-negative,0;1;2,1,graph_global,global,0.13064565062522887,0.1729502022266388,0.20980259180068972,0.1815462946891785,0.17126615047454835,0.13152559995651247,0.9933096725536736,1.0,0.9933096725536736,0.0
fp16,128,256,64,32,12,contiguous;page-cross;random;tail-negative,0;1;2,1,graph_global,global,0.24739710092544553,0.323852002620697,0.3803447008132934,0.33843824863433836,0.31681400537490845,0.26872140169143677,0.9206453202768078,1.0,0.9206453202768078,0.0
fp16,128,256,128,8,12,contiguous;page-cross;random;tail-negative,0;1;2,0,graph_global,global,0.1441398024559021,,,,,0.14358980059623716,1.0038303685734025,1.0,1.0038303685734025,0.0
fp16,128,256,128,16,12,contiguous;page-cross;random;tail-negative,0;1;2,0,graph_global,global,0.2707454085350036,,,,,0.270457398891449,1.0010648983711856,1.0,1.0010648983711856,0.0
fp16,128,256,128,32,12,contiguous;page-cross;random;tail-negative,0;1;2,0,graph_global,global,0.5321205854415894,,,,,0.5330346107482911,0.9982852421057263,1.0,0.9982852421057263,0.0
fp16,256,64,32,8,12,contiguous;page-cross;random;tail-negative,0;1;2,1,graph_lds_chunked(chunk=4),chunk4,0.025386349856853486,0.024324299395084382,0.023766300082206725,0.023450250178575514,0.02429229989647865,0.023300299793481825,1.089528893699266,1.0825620052466145,1.0064355560410272,0.0
fp16,256,64,32,16,12,contiguous;page-cross;random;tail-negative,0;1;2,1,graph_lds_chunked(chunk=4),chunk4,0.043224550783634186,0.041328500211238864,0.03926050066947937,0.03657044917345047,0.037956500053405756,0.03679445087909698,1.1747573275564267,1.1819529636790593,0.9939120791234917,0.0
fp16,256,64,32,32,12,contiguous;page-cross;random;tail-negative,0;1;2,1,graph_lds_chunked(chunk=8),chunk8,0.07887894809246063,0.07490499913692475,0.06993284821510315,0.06327874958515167,0.062444800138473505,0.06250679790973664,1.2619259141440313,1.2631788062023392,0.9990081435406009,0.0
fp16,256,64,64,8,12,contiguous;page-cross;random;tail-negative,0;1;2,1,graph_lds_chunked(chunk=4),chunk4,0.04014649987220764,0.038070499897003174,0.03683049976825714,0.035612501204013824,0.03811050057411194,0.035560449957847594,1.1289649011695924,1.1273148056133389,1.0014637398072277,0.0
fp16,256,64,64,16,12,contiguous;page-cross;random;tail-negative,0;1;2,1,graph_lds_chunked(chunk=4),chunk4,0.07342300117015839,0.06815690100193024,0.06476685106754304,0.05971875190734863,0.061468851566314694,0.06003080010414123,1.2230888317794268,1.2294798338061617,0.9948018651050583,0.0
fp16,256,64,64,32,12,contiguous;page-cross;random;tail-negative,0;1;2,1,graph_lds_chunked(chunk=8),chunk8,0.14257575273513795,0.1322655975818634,0.12414559721946716,0.1105813503265381,0.10982940196990967,0.10870929956436157,1.3115322544298584,1.2981565061621652,1.0103036484462393,0.0
fp16,256,64,128,8,12,contiguous;page-cross;random;tail-negative,0;1;2,1,graph_lds_chunked(chunk=4),chunk4,0.07233690023422241,0.0669528990983963,0.06693685054779053,0.06271480023860931,0.06705684959888458,0.06255480051040649,1.1563764834033576,1.1534263038230874,1.0025577529925334,0.0
fp16,256,64,128,16,12,contiguous;page-cross;random;tail-negative,0;1;2,1,graph_lds_chunked(chunk=8),chunk8,0.13795570135116575,0.12743760347366334,0.12543955445289612,0.11577950119972229,0.11506145000457763,0.11402339935302734,1.2098893922995728,1.1989741250929593,1.0091038388386964,0.0
fp16,256,64,128,32,12,contiguous;page-cross;random;tail-negative,0;1;2,1,graph_lds_chunked(chunk=8),chunk8,0.2703613519668579,0.25033519268035886,0.2420650005340576,0.21575270891189574,0.2137426495552063,0.21274465322494507,1.2708256018119146,1.2648919274158614,1.0046910524665738,0.0
fp16,256,128,32,8,12,contiguous;page-cross;random;tail-negative,0;1;2,1,graph_lds_chunked(chunk=4),chunk4,0.04032049924135208,0.03832645118236541,0.03726239949464798,0.03567644953727722,0.0382084995508194,0.035712499916553495,1.129030432917486,1.130171296872533,0.998990538904851,0.0
fp16,256,128,32,16,12,contiguous;page-cross;random;tail-negative,0;1;2,1,graph_lds_chunked(chunk=4),chunk4,0.0725609004497528,0.06732679903507233,0.06366479992866517,0.059256750345230105,0.060590699315071106,0.059838798642158506,1.2126062370281467,1.2245170385991917,0.9902730617904095,0.0
fp16,256,128,32,32,12,contiguous;page-cross;random;tail-negative,0;1;2,1,graph_lds_chunked(chunk=8),chunk8,0.1434798002243042,0.13251970410346986,0.12334150075912476,0.11038740277290343,0.1100134015083313,0.10962939858436585,1.3087712062370624,1.3042029267083293,1.0035027367560532,0.0
fp16,256,128,64,8,12,contiguous;page-cross;random;tail-negative,0;1;2,1,graph_lds_chunked(chunk=4),chunk4,0.07199090123176574,0.06643884778022766,0.06703484952449798,0.062416800856590265,0.0667088508605957,0.0628427505493164,1.1455720922856527,1.1533897963974966,0.993221975661427,0.0
fp16,256,128,64,16,12,contiguous;page-cross;random;tail-negative,0;1;2,1,graph_lds_chunked(chunk=8),chunk8,0.1373417019844055,0.12746760249137878,0.12488754987716676,0.11558150053024292,0.11458939909934998,0.11441745162010192,1.2003562397143623,1.1985550414251591,1.001502808153943,0.0
fp16,256,128,64,32,12,contiguous;page-cross;random;tail-negative,0;1;2,1,graph_lds_chunked(chunk=8),chunk8,0.2690553545951843,0.2489911437034607,0.24081701040267944,0.21331670284271242,0.21283069849014283,0.21167864799499514,1.2710557117765877,1.2641754996055963,1.0054424501765287,0.0
fp16,256,128,128,8,12,contiguous;page-cross;random;tail-negative,0;1;2,1,graph_global,global,0.13123760223388672,0.18233229517936705,0.21109060049057005,0.18260430097579955,0.17166215181350708,0.1332497000694275,0.9848997946374934,1.0,0.9848997946374934,0.0
fp16,256,128,128,16,12,contiguous;page-cross;random;tail-negative,0;1;2,1,graph_global,global,0.24693310260772705,0.33169214725494384,0.38725689649581907,0.3408702969551086,0.3189859986305237,0.27072139978408816,0.9121299712718194,1.0,0.9121299712718194,0.0
fp16,256,128,128,32,12,contiguous;page-cross;random;tail-negative,0;1;2,1,graph_global,global,0.5074663400650024,0.6528642416000366,0.7532054424285888,0.6523941993713378,0.6209418058395386,0.5007663011550902,1.0133795722564747,1.0,1.0133795722564747,0.0
fp16,256,256,32,8,12,contiguous;page-cross;random;tail-negative,0;1;2,1,graph_lds_chunked(chunk=4),chunk4,0.07080290019512177,0.06620680093765258,0.06564684808254242,0.06199679970741272,0.06686680018901825,0.06201080083847046,1.1417833544764808,1.1420412106635907,0.999774214638927,0.0
fp16,256,256,32,16,12,contiguous;page-cross;random;tail-negative,0;1;2,1,graph_lds_chunked(chunk=8),chunk8,0.13687169551849365,0.12716959714889525,0.12350555062294007,0.11503344774246216,0.11434144973754883,0.11360345482826233,1.204819833388048,1.1970435553568644,1.0064962364956431,0.0
fp16,256,256,32,32,12,contiguous;page-cross;random;tail-negative,0;1;2,1,graph_lds_chunked(chunk=8),chunk4,0.2683874011039734,0.2507230997085571,0.23940900564193723,0.21284469366073608,0.2133526921272278,0.2129886507987976,1.2601018885156887,1.2609541562345439,0.9993241088784701,0.0
fp16,256,256,64,8,12,contiguous;page-cross;random;tail-negative,0;1;2,1,graph_global,global,0.13173965215682984,0.1807622969150543,0.21021865606307982,0.18071630001068117,0.17196414470672608,0.13292365074157714,0.9910926416921158,1.0,0.9910926416921158,0.0
fp16,256,256,64,16,12,contiguous;page-cross;random;tail-negative,0;1;2,1,graph_global,global,0.24729510545730593,0.33113019466400145,0.38374484777450557,0.33902430534362793,0.31814999580383296,0.27057939767837524,0.9139465442644445,1.0,0.9139465442644445,0.0
fp16,256,256,64,32,12,contiguous;page-cross;random;tail-negative,0;1;2,1,graph_global,global,0.5077723979949951,0.650102186203003,0.7493834495544434,0.6496661901473999,0.6200039148330688,0.501862359046936,1.0117762148157168,1.0,1.0117762148157168,0.0
fp16,256,256,128,8,12,contiguous;page-cross;random;tail-negative,0;1;2,0,graph_global,global,0.2719774007797241,,,,,0.2721834540367126,0.9992429618555699,1.0,0.9992429618555699,0.0
fp16,256,256,128,16,12,contiguous;page-cross;random;tail-negative,0;1;2,0,graph_global,global,0.5396429538726806,,,,,0.5448270320892334,0.9904849100517762,1.0,0.9904849100517762,0.0
fp16,256,256,128,32,12,contiguous;page-cross;random;tail-negative,0;1;2,0,graph_global,global,1.1155441284179688,,,,,1.131066370010376,0.9862764537926587,1.0,0.9862764537926587,0.0
