"Index","KernelName","gpu-id","queue-id","queue-index","pid","tid","grd","wgr","lds","scr","arch_vgpr","accum_vgpr","sgpr","wave_size","sig","obj","DispatchNs","BeginNs","EndNs","CompleteNs","DurationNs"
0,"void at::native::(anonymous namespace)::distribution_elementwise_grid_stride_kernel<float, 4, at::native::templates::cuda::normal_and_transform<c10::BFloat16, float, at::CUDAGeneratorImpl*, at::native::templates::cuda::normal_kernel<at::CUDAGeneratorImpl*>(at::TensorBase const&, double, double, at::CUDAGeneratorImpl*)::{lambda()#1}::operator()() const::{lambda()#4}::operator()() const::{lambda(float)#1}>(at::TensorIteratorBase&, at::CUDAGeneratorImpl*, at::native::templates::cuda::normal_kernel<at::CUDAGeneratorImpl*>(at::TensorBase const&, double, double, at::CUDAGeneratorImpl*)::{lambda()#1}::operator()() const::{lambda()#4}::operator()() const::{lambda(float)#1})::{lambda(hiprandStatePhilox4_32_10*)#2}, at::native::(anonymous namespace)::distribution_nullary_kernel<c10::BFloat16, float, HIP_vector_type<float, 4u>, at::CUDAGeneratorImpl*, at::native::templates::cuda::normal_and_transform<c10::BFloat16, float, at::CUDAGeneratorImpl*, at::native::templates::cuda::normal_kernel<at::CUDAGeneratorImpl*>(at::TensorBase const&, double, double, at::CUDAGeneratorImpl*)::{lambda()#1}::operator()() const::{lambda()#4}::operator()() const::{lambda(float)#1}>(at::TensorIteratorBase&, at::CUDAGeneratorImpl*, at::native::templates::cuda::normal_kernel<at::CUDAGeneratorImpl*>(at::TensorBase const&, double, double, at::CUDAGeneratorImpl*)::{lambda()#1}::operator()() const::{lambda()#4}::operator()() const::{lambda(float)#1})::{lambda(hiprandStatePhilox4_32_10*)#2}, at::native::templates::cuda::normal_kernel<at::CUDAGeneratorImpl*>(at::TensorBase const&, double, double, at::CUDAGeneratorImpl*)::{lambda()#1}::operator()() const::{lambda()#4}::operator()() const::{lambda(float)#1}>(at::TensorIteratorBase&, at::CUDAGeneratorImpl*, at::native::templates::cuda::normal_and_transform<c10::BFloat16, float, at::CUDAGeneratorImpl*, at::native::templates::cuda::normal_kernel<at::CUDAGeneratorImpl*>(at::TensorBase const&, double, double, at::CUDAGeneratorImpl*)::{lambda()#1}::operator()() const::{lambda()#4}::operator()() const::{lambda(float)#1}>(at::TensorIteratorBase&, at::CUDAGeneratorImpl*, at::native::templates::cuda::normal_kernel<at::CUDAGeneratorImpl*>(at::TensorBase const&, double, double, at::CUDAGeneratorImpl*)::{lambda()#1}::operator()() const::{lambda()#4}::operator()() const::{lambda(float)#1})::{lambda(hiprandStatePhilox4_32_10*)#2} const&, at::native::templates::cuda::normal_kernel<at::CUDAGeneratorImpl*>(at::TensorBase const&, double, double, at::CUDAGeneratorImpl*)::{lambda()#1}::operator()() const::{lambda()#4}::operator()() const::{lambda(float)#1})::{lambda(int, float)#1}>(long, at::PhiloxCudaState, at::native::templates::cuda::normal_and_transform<c10::BFloat16, float, at::CUDAGeneratorImpl*, at::native::templates::cuda::normal_kernel<at::CUDAGeneratorImpl*>(at::TensorBase const&, double, double, at::CUDAGeneratorImpl*)::{lambda()#1}::operator()() const::{lambda()#4}::operator()() const::{lambda(float)#1}>(at::TensorIteratorBase&, at::CUDAGeneratorImpl*, at::native::templates::cuda::normal_kernel<at::CUDAGeneratorImpl*>(at::TensorBase const&, double, double, at::CUDAGeneratorImpl*)::{lambda()#1}::operator()() const::{lambda()#4}::operator()() const::{lambda(float)#1})::{lambda(hiprandStatePhilox4_32_10*)#2}, at::native::(anonymous namespace)::distribution_nullary_kernel<c10::BFloat16, float, HIP_vector_type<float, 4u>, at::CUDAGeneratorImpl*, at::native::templates::cuda::normal_and_transform<c10::BFloat16, float, at::CUDAGeneratorImpl*, at::native::templates::cuda::normal_kernel<at::CUDAGeneratorImpl*>(at::TensorBase const&, double, double, at::CUDAGeneratorImpl*)::{lambda()#1}::operator()() const::{lambda()#4}::operator()() const::{lambda(float)#1}>(at::TensorIteratorBase&, at::CUDAGeneratorImpl*, at::native::templates::cuda::normal_kernel<at::CUDAGeneratorImpl*>(at::TensorBase const&, double, double, at::CUDAGeneratorImpl*)::{lambda()#1}::operator()() const::{lambda()#4}::operator()() const::{lambda(float)#1})::{lambda(hiprandStatePhilox4_32_10*)#2}, at::native::templates::cuda::normal_kernel<at::CUDAGeneratorImpl*>(at::TensorBase const&, double, double, at::CUDAGeneratorImpl*)::{lambda()#1}::operator()() const::{lambda()#4}::operator()() const::{lambda(float)#1}>(at::TensorIteratorBase&, at::CUDAGeneratorImpl*, at::native::templates::cuda::normal_and_transform<c10::BFloat16, float, at::CUDAGeneratorImpl*, at::native::templates::cuda::normal_kernel<at::CUDAGeneratorImpl*>(at::TensorBase const&, double, double, at::CUDAGeneratorImpl*)::{lambda()#1}::operator()() const::{lambda()#4}::operator()() const::{lambda(float)#1}>(at::TensorIteratorBase&, at::CUDAGeneratorImpl*, at::native::templates::cuda::normal_kernel<at::CUDAGeneratorImpl*>(at::TensorBase const&, double, double, at::CUDAGeneratorImpl*)::{lambda()#1}::operator()() const::{lambda()#4}::operator()() const::{lambda(float)#1})::{lambda(hiprandStatePhilox4_32_10*)#2} const&, at::native::templates::cuda::normal_kernel<at::CUDAGeneratorImpl*>(at::TensorBase const&, double, double, at::CUDAGeneratorImpl*)::{lambda()#1}::operator()() const::{lambda()#4}::operator()() const::{lambda(float)#1})::{lambda(int, float)#1}) [clone .kd]",1,0,0,203947,203947,98304,256,0,0,56,0,128,32,"0x0","0x7463b99cc080",36497455708682,36497455937798,36497455957518,36497455963482,19720
1,"void at::native::(anonymous namespace)::distribution_elementwise_grid_stride_kernel<unsigned int, 4, at::native::templates::cuda::random_from_to_kernel<at::CUDAGeneratorImpl*>(at::TensorIteratorBase&, unsigned long, long, at::CUDAGeneratorImpl*)::{lambda()#1}::operator()() const::{lambda()#3}::operator()() const::{lambda(hiprandStatePhilox4_32_10*)#2}, at::native::(anonymous namespace)::distribution_nullary_kernel<int, unsigned int, HIP_vector_type<unsigned int, 4u>, at::CUDAGeneratorImpl*, at::native::templates::cuda::random_from_to_kernel<at::CUDAGeneratorImpl*>(at::TensorIteratorBase&, unsigned long, long, at::CUDAGeneratorImpl*)::{lambda()#1}::operator()() const::{lambda()#3}::operator()() const::{lambda(hiprandStatePhilox4_32_10*)#2}, at::native::templates::cuda::random_from_to_kernel<at::CUDAGeneratorImpl*>(at::TensorIteratorBase&, unsigned long, long, at::CUDAGeneratorImpl*)::{lambda()#1}::operator()() const::{lambda()#3}::operator()() const::{lambda(unsigned int)#1}>(at::TensorIteratorBase&, at::CUDAGeneratorImpl*, at::native::templates::cuda::random_from_to_kernel<at::CUDAGeneratorImpl*>(at::TensorIteratorBase&, unsigned long, long, at::CUDAGeneratorImpl*)::{lambda()#1}::operator()() const::{lambda()#3}::operator()() const::{lambda(hiprandStatePhilox4_32_10*)#2} const&, at::native::templates::cuda::random_from_to_kernel<at::CUDAGeneratorImpl*>(at::TensorIteratorBase&, unsigned long, long, at::CUDAGeneratorImpl*)::{lambda()#1}::operator()() const::{lambda()#3}::operator()() const::{lambda(unsigned int)#1})::{lambda(int, unsigned int)#1}>(long, at::PhiloxCudaState, at::native::templates::cuda::random_from_to_kernel<at::CUDAGeneratorImpl*>(at::TensorIteratorBase&, unsigned long, long, at::CUDAGeneratorImpl*)::{lambda()#1}::operator()() const::{lambda()#3}::operator()() const::{lambda(hiprandStatePhilox4_32_10*)#2}, at::native::(anonymous namespace)::distribution_nullary_kernel<int, unsigned int, HIP_vector_type<unsigned int, 4u>, at::CUDAGeneratorImpl*, at::native::templates::cuda::random_from_to_kernel<at::CUDAGeneratorImpl*>(at::TensorIteratorBase&, unsigned long, long, at::CUDAGeneratorImpl*)::{lambda()#1}::operator()() const::{lambda()#3}::operator()() const::{lambda(hiprandStatePhilox4_32_10*)#2}, at::native::templates::cuda::random_from_to_kernel<at::CUDAGeneratorImpl*>(at::TensorIteratorBase&, unsigned long, long, at::CUDAGeneratorImpl*)::{lambda()#1}::operator()() const::{lambda()#3}::operator()() const::{lambda(unsigned int)#1}>(at::TensorIteratorBase&, at::CUDAGeneratorImpl*, at::native::templates::cuda::random_from_to_kernel<at::CUDAGeneratorImpl*>(at::TensorIteratorBase&, unsigned long, long, at::CUDAGeneratorImpl*)::{lambda()#1}::operator()() const::{lambda()#3}::operator()() const::{lambda(hiprandStatePhilox4_32_10*)#2} const&, at::native::templates::cuda::random_from_to_kernel<at::CUDAGeneratorImpl*>(at::TensorIteratorBase&, unsigned long, long, at::CUDAGeneratorImpl*)::{lambda()#1}::operator()() const::{lambda()#3}::operator()() const::{lambda(unsigned int)#1})::{lambda(int, unsigned int)#1}) [clone .kd]",1,0,1,203947,203947,32768,256,0,0,56,0,128,32,"0x0","0x746269f4c780",36497472725131,36497472756949,36497472762749,36497472763745,5800
2,"void at::native::(anonymous namespace)::distribution_elementwise_grid_stride_kernel<float, 4, at::native::templates::cuda::normal_and_transform<c10::BFloat16, float, at::CUDAGeneratorImpl*, at::native::templates::cuda::normal_kernel<at::CUDAGeneratorImpl*>(at::TensorBase const&, double, double, at::CUDAGeneratorImpl*)::{lambda()#1}::operator()() const::{lambda()#4}::operator()() const::{lambda(float)#1}>(at::TensorIteratorBase&, at::CUDAGeneratorImpl*, at::native::templates::cuda::normal_kernel<at::CUDAGeneratorImpl*>(at::TensorBase const&, double, double, at::CUDAGeneratorImpl*)::{lambda()#1}::operator()() const::{lambda()#4}::operator()() const::{lambda(float)#1})::{lambda(hiprandStatePhilox4_32_10*)#2}, at::native::(anonymous namespace)::distribution_nullary_kernel<c10::BFloat16, float, HIP_vector_type<float, 4u>, at::CUDAGeneratorImpl*, at::native::templates::cuda::normal_and_transform<c10::BFloat16, float, at::CUDAGeneratorImpl*, at::native::templates::cuda::normal_kernel<at::CUDAGeneratorImpl*>(at::TensorBase const&, double, double, at::CUDAGeneratorImpl*)::{lambda()#1}::operator()() const::{lambda()#4}::operator()() const::{lambda(float)#1}>(at::TensorIteratorBase&, at::CUDAGeneratorImpl*, at::native::templates::cuda::normal_kernel<at::CUDAGeneratorImpl*>(at::TensorBase const&, double, double, at::CUDAGeneratorImpl*)::{lambda()#1}::operator()() const::{lambda()#4}::operator()() const::{lambda(float)#1})::{lambda(hiprandStatePhilox4_32_10*)#2}, at::native::templates::cuda::normal_kernel<at::CUDAGeneratorImpl*>(at::TensorBase const&, double, double, at::CUDAGeneratorImpl*)::{lambda()#1}::operator()() const::{lambda()#4}::operator()() const::{lambda(float)#1}>(at::TensorIteratorBase&, at::CUDAGeneratorImpl*, at::native::templates::cuda::normal_and_transform<c10::BFloat16, float, at::CUDAGeneratorImpl*, at::native::templates::cuda::normal_kernel<at::CUDAGeneratorImpl*>(at::TensorBase const&, double, double, at::CUDAGeneratorImpl*)::{lambda()#1}::operator()() const::{lambda()#4}::operator()() const::{lambda(float)#1}>(at::TensorIteratorBase&, at::CUDAGeneratorImpl*, at::native::templates::cuda::normal_kernel<at::CUDAGeneratorImpl*>(at::TensorBase const&, double, double, at::CUDAGeneratorImpl*)::{lambda()#1}::operator()() const::{lambda()#4}::operator()() const::{lambda(float)#1})::{lambda(hiprandStatePhilox4_32_10*)#2} const&, at::native::templates::cuda::normal_kernel<at::CUDAGeneratorImpl*>(at::TensorBase const&, double, double, at::CUDAGeneratorImpl*)::{lambda()#1}::operator()() const::{lambda()#4}::operator()() const::{lambda(float)#1})::{lambda(int, float)#1}>(long, at::PhiloxCudaState, at::native::templates::cuda::normal_and_transform<c10::BFloat16, float, at::CUDAGeneratorImpl*, at::native::templates::cuda::normal_kernel<at::CUDAGeneratorImpl*>(at::TensorBase const&, double, double, at::CUDAGeneratorImpl*)::{lambda()#1}::operator()() const::{lambda()#4}::operator()() const::{lambda(float)#1}>(at::TensorIteratorBase&, at::CUDAGeneratorImpl*, at::native::templates::cuda::normal_kernel<at::CUDAGeneratorImpl*>(at::TensorBase const&, double, double, at::CUDAGeneratorImpl*)::{lambda()#1}::operator()() const::{lambda()#4}::operator()() const::{lambda(float)#1})::{lambda(hiprandStatePhilox4_32_10*)#2}, at::native::(anonymous namespace)::distribution_nullary_kernel<c10::BFloat16, float, HIP_vector_type<float, 4u>, at::CUDAGeneratorImpl*, at::native::templates::cuda::normal_and_transform<c10::BFloat16, float, at::CUDAGeneratorImpl*, at::native::templates::cuda::normal_kernel<at::CUDAGeneratorImpl*>(at::TensorBase const&, double, double, at::CUDAGeneratorImpl*)::{lambda()#1}::operator()() const::{lambda()#4}::operator()() const::{lambda(float)#1}>(at::TensorIteratorBase&, at::CUDAGeneratorImpl*, at::native::templates::cuda::normal_kernel<at::CUDAGeneratorImpl*>(at::TensorBase const&, double, double, at::CUDAGeneratorImpl*)::{lambda()#1}::operator()() const::{lambda()#4}::operator()() const::{lambda(float)#1})::{lambda(hiprandStatePhilox4_32_10*)#2}, at::native::templates::cuda::normal_kernel<at::CUDAGeneratorImpl*>(at::TensorBase const&, double, double, at::CUDAGeneratorImpl*)::{lambda()#1}::operator()() const::{lambda()#4}::operator()() const::{lambda(float)#1}>(at::TensorIteratorBase&, at::CUDAGeneratorImpl*, at::native::templates::cuda::normal_and_transform<c10::BFloat16, float, at::CUDAGeneratorImpl*, at::native::templates::cuda::normal_kernel<at::CUDAGeneratorImpl*>(at::TensorBase const&, double, double, at::CUDAGeneratorImpl*)::{lambda()#1}::operator()() const::{lambda()#4}::operator()() const::{lambda(float)#1}>(at::TensorIteratorBase&, at::CUDAGeneratorImpl*, at::native::templates::cuda::normal_kernel<at::CUDAGeneratorImpl*>(at::TensorBase const&, double, double, at::CUDAGeneratorImpl*)::{lambda()#1}::operator()() const::{lambda()#4}::operator()() const::{lambda(float)#1})::{lambda(hiprandStatePhilox4_32_10*)#2} const&, at::native::templates::cuda::normal_kernel<at::CUDAGeneratorImpl*>(at::TensorBase const&, double, double, at::CUDAGeneratorImpl*)::{lambda()#1}::operator()() const::{lambda()#4}::operator()() const::{lambda(float)#1})::{lambda(int, float)#1}) [clone .kd]",1,0,2,203947,203947,2048,256,0,0,56,0,128,32,"0x0","0x7463b99cc080",36497472785898,36497472805749,36497472808829,36497472811207,3080
3,"void at::native::vectorized_elementwise_kernel<4, at::native::compare_scalar_kernel<int>(at::TensorIteratorBase&, at::native::(anonymous namespace)::OpType, int)::{lambda(int)#1}, std::array<char*, 2ul> >(int, at::native::compare_scalar_kernel<int>(at::TensorIteratorBase&, at::native::(anonymous namespace)::OpType, int)::{lambda(int)#1}, std::array<char*, 2ul>) [clone .kd]",1,0,3,203947,203947,2048,256,0,0,24,0,128,32,"0x0","0x746050a31640",36497502015986,36497502040654,36497502044094,36497502051585,3440
4,"void at::native::vectorized_elementwise_kernel<4, at::native::compare_scalar_kernel<int>(at::TensorIteratorBase&, at::native::(anonymous namespace)::OpType, int)::{lambda(int)#1}, std::array<char*, 2ul> >(int, at::native::compare_scalar_kernel<int>(at::TensorIteratorBase&, at::native::(anonymous namespace)::OpType, int)::{lambda(int)#1}, std::array<char*, 2ul>) [clone .kd]",1,0,4,203947,203947,2048,256,0,0,24,0,128,32,"0x0","0x746050a31640",36497502124715,36497502146134,36497502149174,36497502151236,3040
5,"void at::native::vectorized_elementwise_kernel<16, at::native::BinaryFunctor<bool, bool, bool, at::native::BitwiseAndFunctor<bool> >, std::array<char*, 3ul> >(int, at::native::BinaryFunctor<bool, bool, bool, at::native::BitwiseAndFunctor<bool> >, std::array<char*, 3ul>) [clone .kd]",1,0,5,203947,203947,2048,256,0,0,40,0,128,32,"0x0","0x74604fc55ac0",36497532387819,36497532417232,36497532419352,36497532422816,2120
6,"void at::native::vectorized_elementwise_kernel<4, at::native::(anonymous namespace)::launch_clamp_scalar(at::TensorIteratorBase&, c10::Scalar, c10::Scalar, at::native::detail::ClampLimits)::{lambda()#1}::operator()() const::{lambda()#3}::operator()() const::{lambda(int)#1}, std::array<char*, 2ul> >(int, at::native::(anonymous namespace)::launch_clamp_scalar(at::TensorIteratorBase&, c10::Scalar, c10::Scalar, at::native::detail::ClampLimits)::{lambda()#1}::operator()() const::{lambda()#3}::operator()() const::{lambda(int)#1}, std::array<char*, 2ul>) [clone .kd]",1,0,6,203947,203947,8192,256,0,0,16,0,128,32,"0x0","0x74604e281c80",36497591916328,36497591946906,36497591948946,36497591957968,2040
7,"void at::native::vectorized_elementwise_kernel<4, at::native::(anonymous namespace)::launch_clamp_scalar(at::TensorIteratorBase&, c10::Scalar, c10::Scalar, at::native::detail::ClampLimits)::{lambda()#1}::operator()() const::{lambda()#3}::operator()() const::{lambda(int)#1}, std::array<char*, 2ul> >(int, at::native::(anonymous namespace)::launch_clamp_scalar(at::TensorIteratorBase&, c10::Scalar, c10::Scalar, at::native::detail::ClampLimits)::{lambda()#1}::operator()() const::{lambda()#3}::operator()() const::{lambda(int)#1}, std::array<char*, 2ul>) [clone .kd]",1,0,7,203947,203947,8192,256,0,0,16,0,128,32,"0x0","0x74604e281c80",36497592072849,36497592092246,36497592093966,36497592097737,1720
8,"void at::native::elementwise_kernel_manual_unroll<128, 4, at::native::gpu_kernel_impl<at::native::direct_copy_kernel_cuda(at::TensorIteratorBase&)::{lambda()#3}::operator()() const::{lambda()#4}::operator()() const::{lambda(long)#1}>(at::TensorIteratorBase&, at::native::direct_copy_kernel_cuda(at::TensorIteratorBase&)::{lambda()#3}::operator()() const::{lambda()#4}::operator()() const::{lambda(long)#1} const&)::{lambda(int, bool)#1}>(int, at::native::gpu_kernel_impl<at::native::direct_copy_kernel_cuda(at::TensorIteratorBase&)::{lambda()#3}::operator()() const::{lambda()#4}::operator()() const::{lambda(long)#1}>(at::TensorIteratorBase&, at::native::direct_copy_kernel_cuda(at::TensorIteratorBase&)::{lambda()#3}::operator()() const::{lambda()#4}::operator()() const::{lambda(long)#1} const&)::{lambda(int, bool)#1}) [clone .kd]",1,0,8,203947,203947,8192,128,0,0,16,0,128,32,"0x0","0x74604d475f00",36497609834369,36497609862708,36497609868948,36497609870489,6240
9,"void at::native::vectorized_gather_kernel<16, long>(char*, char*, long*, int, long, long, long, long, bool) [clone .kd]",1,0,9,203947,203947,1048576,32,0,0,16,0,128,32,"0x0","0x7463deee9100",36497612095384,36497612112722,36497612123602,36497612127135,10880
10,"void at::native::vectorized_elementwise_kernel<8, at::native::FillFunctor<c10::BFloat16>, std::array<char*, 1ul> >(int, at::native::FillFunctor<c10::BFloat16>, std::array<char*, 1ul>) [clone .kd]",1,0,10,203947,203947,262144,256,0,0,8,0,128,32,"0x0","0x746258130000",36497619361557,36497619384248,36497619388408,36497619392246,4160
11,"void at::native::elementwise_kernel_manual_unroll<128, 8, at::native::gpu_kernel_impl_nocast<at::native::(anonymous namespace)::where_kernel_impl(at::TensorIterator&)::{lambda()#1}::operator()() const::{lambda()#3}::operator()() const::{lambda(bool, c10::BFloat16, c10::BFloat16)#1}>(at::TensorIteratorBase&, at::native::(anonymous namespace)::where_kernel_impl(at::TensorIterator&)::{lambda()#1}::operator()() const::{lambda()#3}::operator()() const::{lambda(bool, c10::BFloat16, c10::BFloat16)#1} const&)::{lambda(int, bool)#1}>(int, at::native::gpu_kernel_impl_nocast<at::native::(anonymous namespace)::where_kernel_impl(at::TensorIterator&)::{lambda()#1}::operator()() const::{lambda()#3}::operator()() const::{lambda(bool, c10::BFloat16, c10::BFloat16)#1}>(at::TensorIteratorBase&, at::native::(anonymous namespace)::where_kernel_impl(at::TensorIterator&)::{lambda()#1}::operator()() const::{lambda()#3}::operator()() const::{lambda(bool, c10::BFloat16, c10::BFloat16)#1} const&)::{lambda(int, bool)#1}) [clone .kd]",1,0,11,203947,203947,262144,128,0,0,48,0,128,32,"0x0","0x74604e27d740",36497619468713,36497619489519,36497619502759,36497619505343,13240
12,"void at::native::vectorized_elementwise_kernel<4, at::native::bfloat16tofloat32_copy_kernel_cuda(at::TensorIteratorBase&)::{lambda(c10::BFloat16)#1}, std::array<char*, 2ul> >(int, at::native::bfloat16tofloat32_copy_kernel_cuda(at::TensorIteratorBase&)::{lambda(c10::BFloat16)#1}, std::array<char*, 2ul>) [clone .kd]",1,0,12,203947,203947,262144,256,0,0,16,0,128,32,"0x0","0x74604d472580",36497619511986,36497619543569,36497619549929,36497619554087,6360
13,"void at::native::vectorized_elementwise_kernel<4, at::native::bfloat16tofloat32_copy_kernel_cuda(at::TensorIteratorBase&)::{lambda(c10::BFloat16)#1}, std::array<char*, 2ul> >(int, at::native::bfloat16tofloat32_copy_kernel_cuda(at::TensorIteratorBase&)::{lambda(c10::BFloat16)#1}, std::array<char*, 2ul>) [clone .kd]",1,0,13,203947,203947,256,256,0,0,16,0,128,32,"0x0","0x74604d472580",36497619545450,36497619563089,36497619564849,36497619567061,1760
14,"void at::native::reduce_kernel<128, 4, at::native::ReduceOp<float, at::native::func_wrapper_t<float, at::native::sum_functor<float, float, float>::operator()(at::TensorIterator&)::{lambda(float, float)#1}>, unsigned int, float, 4, 4> >(at::native::ReduceOp<float, at::native::func_wrapper_t<float, at::native::sum_functor<float, float, float>::operator()(at::TensorIterator&)::{lambda(float, float)#1}>, unsigned int, float, 4, 4>) [clone .kd]",1,0,14,203947,203947,16384,128,2560,0,56,0,128,32,"0x0","0x74604f2293c0",36497627875627,36497627899002,36497627916482,36497627917728,17480
15,"__amd_rocclr_fillBufferAligned.kd",1,0,15,203947,203947,12288,256,0,0,16,0,128,32,"0x0","0x7463deef5740",36497628074369,36497628095983,36497628117503,36497628117993,21520
16,"Cijk_Alik_Bljk_SB_MT16x16x8_SN_1LDSB0_APM1_ABV0_ACED0_AF0EM1_AF1EM1_AMAS0_ASE_ASGT_ASLT_ASM_ASAE01_ASCE01_ASEM1_AAC0_BL1_BS1_CLR0_DTLA0_DTLB0_DTVA0_DTVB0_DVO0_ETSP_EPS1_ELFLR0_EMLL0_FSSC10_FL0_GLVWA1_GLVWB1_GRCGA1_GRCGB1_GRPM1_GRVW1_GSU1_GSUASB_GLS0_ISA1100_IU1_K1_KLA_LBSPPA0_LBSPPB0_LPA0_LPB0_LDL1_LRVW1_LWPMn1_LDW0_FMA_MIAV0_MDA2_MO40_MMFGLC_MKFGSU256_NTA0_NTB0_NTC0_NTD0_NEPBS0_NLCA1_NLCB1_ONLL1_OPLV0_PK0_PAP0_PGR1_PLR1_PKA0_SIA1_SLW1_SS0_SU32_SUM3_SUS128_SCIUI1_SPO0_SRVW0_SSO0_SVW4_SNLL0_TSGRA0_TSGRB0_TT2_2_TLDS0_UMLDSA0_UMLDSB0_U64SL1_USFGROn1_VAW1_VSn1_VW1_VWB1_VFLRP0_WSGRA0_WSGRB0_WS32_WG8_8_1_WGM1.kd",1,0,17,203947,203947,2048,64,2048,0,32,0,128,32,"0x0","0x74604483fe80",36497780329882,36497780649280,36497780653560,36497780662912,4280
17,"(anonymous namespace)::graph_global_kernel(unsigned int const*, unsigned int const*, int const*, float*, long, long, long, long, long, int) [clone .kd]",1,0,18,203947,203947,2097152,256,1024,0,24,0,128,32,"0x0","0x7463b99b4680",36497781616665,36497781637766,36497781828247,36497781834053,190481
18,"(anonymous namespace)::graph_global_kernel(unsigned int const*, unsigned int const*, int const*, float*, long, long, long, long, long, int) [clone .kd]",1,0,20,203947,203947,2097152,256,1024,0,24,0,128,32,"0x0","0x7463b99b4680",36497781891032,36497781907918,36497782084839,36497782091598,176921
19,"(anonymous namespace)::graph_global_kernel(unsigned int const*, unsigned int const*, int const*, float*, long, long, long, long, long, int) [clone .kd]",1,0,21,203947,203947,2097152,256,1024,0,24,0,128,32,"0x0","0x7463b99b4680",36497781902845,36497782096799,36497782270520,36497782275892,173721
20,"(anonymous namespace)::graph_global_kernel(unsigned int const*, unsigned int const*, int const*, float*, long, long, long, long, long, int) [clone .kd]",1,0,22,203947,203947,2097152,256,1024,0,24,0,128,32,"0x0","0x7463b99b4680",36497781911582,36497782278880,36497782453521,36497782458693,174641
21,"(anonymous namespace)::graph_global_kernel(unsigned int const*, unsigned int const*, int const*, float*, long, long, long, long, long, int) [clone .kd]",1,0,23,203947,203947,2097152,256,1024,0,24,0,128,32,"0x0","0x7463b99b4680",36497781920379,36497782461921,36497782636803,36497782642526,174882
22,"(anonymous namespace)::graph_global_kernel(unsigned int const*, unsigned int const*, int const*, float*, long, long, long, long, long, int) [clone .kd]",1,0,24,203947,203947,2097152,256,1024,0,24,0,128,32,"0x0","0x7463b99b4680",36497781928103,36497782644843,36497782832284,36497782833333,187441
23,"(anonymous namespace)::graph_global_kernel(unsigned int const*, unsigned int const*, int const*, float*, long, long, long, long, long, int) [clone .kd]",1,0,27,203947,203947,2097152,256,1024,0,24,0,128,32,"0x0","0x7463b99b4680",36497782894110,36497782909364,36497783096766,36497783100647,187402
24,"(anonymous namespace)::graph_global_kernel(unsigned int const*, unsigned int const*, int const*, float*, long, long, long, long, long, int) [clone .kd]",1,0,28,203947,203947,2097152,256,1024,0,24,0,128,32,"0x0","0x7463b99b4680",36497782904931,36497783101326,36497783284127,36497783285251,182801
25,"(anonymous namespace)::graph_global_kernel(unsigned int const*, unsigned int const*, int const*, float*, long, long, long, long, long, int) [clone .kd]",1,0,29,203947,203947,2097152,256,1024,0,24,0,128,32,"0x0","0x7463b99b4680",36497782911583,36497783288687,36497783463488,36497783468183,174801
26,"(anonymous namespace)::graph_global_kernel(unsigned int const*, unsigned int const*, int const*, float*, long, long, long, long, long, int) [clone .kd]",1,0,30,203947,203947,2097152,256,1024,0,24,0,128,32,"0x0","0x7463b99b4680",36497782917535,36497783471568,36497783646129,36497783655152,174561
27,"(anonymous namespace)::graph_global_kernel(unsigned int const*, unsigned int const*, int const*, float*, long, long, long, long, long, int) [clone .kd]",1,0,31,203947,203947,2097152,256,1024,0,24,0,128,32,"0x0","0x7463b99b4680",36497782923546,36497783654209,36497783828730,36497783834246,174521
28,"(anonymous namespace)::graph_global_kernel(unsigned int const*, unsigned int const*, int const*, float*, long, long, long, long, long, int) [clone .kd]",1,0,32,203947,203947,2097152,256,1024,0,24,0,128,32,"0x0","0x7463b99b4680",36497782929297,36497783837090,36497784011892,36497784021636,174802
29,"(anonymous namespace)::graph_global_kernel(unsigned int const*, unsigned int const*, int const*, float*, long, long, long, long, long, int) [clone .kd]",1,0,33,203947,203947,2097152,256,1024,0,24,0,128,32,"0x0","0x7463b99b4680",36497782937984,36497784019972,36497784204893,36497784212383,184921
30,"(anonymous namespace)::graph_global_kernel(unsigned int const*, unsigned int const*, int const*, float*, long, long, long, long, long, int) [clone .kd]",1,0,34,203947,203947,2097152,256,1024,0,24,0,128,32,"0x0","0x7463b99b4680",36497782945879,36497784213413,36497784409534,36497784415984,196121
31,"(anonymous namespace)::graph_global_kernel(unsigned int const*, unsigned int const*, int const*, float*, long, long, long, long, long, int) [clone .kd]",1,0,35,203947,203947,2097152,256,1024,0,24,0,128,32,"0x0","0x7463b99b4680",36497782952582,36497784417734,36497784614096,36497784620688,196362
32,"(anonymous namespace)::graph_global_kernel(unsigned int const*, unsigned int const*, int const*, float*, long, long, long, long, long, int) [clone .kd]",1,0,36,203947,203947,2097152,256,1024,0,24,0,128,32,"0x0","0x7463b99b4680",36497782959135,36497784622296,36497784818857,36497784827224,196561
33,"(anonymous namespace)::graph_global_kernel(unsigned int const*, unsigned int const*, int const*, float*, long, long, long, long, long, int) [clone .kd]",1,0,37,203947,203947,2097152,256,1024,0,24,0,128,32,"0x0","0x7463b99b4680",36497782966719,36497784827137,36497785023498,36497785030335,196361
34,"(anonymous namespace)::graph_global_kernel(unsigned int const*, unsigned int const*, int const*, float*, long, long, long, long, long, int) [clone .kd]",1,0,38,203947,203947,2097152,256,1024,0,24,0,128,32,"0x0","0x7463b99b4680",36497782974404,36497785031698,36497785228020,36497785234287,196322
35,"(anonymous namespace)::graph_global_kernel(unsigned int const*, unsigned int const*, int const*, float*, long, long, long, long, long, int) [clone .kd]",1,0,39,203947,203947,2097152,256,1024,0,24,0,128,32,"0x0","0x7463b99b4680",36497782982670,36497785236180,36497785439861,36497785444781,203681
36,"(anonymous namespace)::graph_global_kernel(unsigned int const*, unsigned int const*, int const*, float*, long, long, long, long, long, int) [clone .kd]",1,0,40,203947,203947,2097152,256,1024,0,24,0,128,32,"0x0","0x7463b99b4680",36497782990184,36497785448501,36497785665823,36497785673220,217322
37,"(anonymous namespace)::graph_global_kernel(unsigned int const*, unsigned int const*, int const*, float*, long, long, long, long, long, int) [clone .kd]",1,0,41,203947,203947,2097152,256,1024,0,24,0,128,32,"0x0","0x7463b99b4680",36497782996667,36497785674463,36497785898664,36497785900547,224201
38,"(anonymous namespace)::graph_global_kernel(unsigned int const*, unsigned int const*, int const*, float*, long, long, long, long, long, int) [clone .kd]",1,0,42,203947,203947,2097152,256,1024,0,24,0,128,32,"0x0","0x7463b99b4680",36497783017296,36497785903184,36497786120786,36497786126010,217602
39,"(anonymous namespace)::graph_global_kernel(unsigned int const*, unsigned int const*, int const*, float*, long, long, long, long, long, int) [clone .kd]",1,0,43,203947,203947,2097152,256,1024,0,24,0,128,32,"0x0","0x7463b99b4680",36497783024741,36497786129546,36497786346747,36497786352185,217201
40,"(anonymous namespace)::graph_global_kernel(unsigned int const*, unsigned int const*, int const*, float*, long, long, long, long, long, int) [clone .kd]",1,0,44,203947,203947,2097152,256,1024,0,24,0,128,32,"0x0","0x7463b99b4680",36497783031343,36497786355027,36497786572749,36497786577638,217722
41,"(anonymous namespace)::graph_global_kernel(unsigned int const*, unsigned int const*, int const*, float*, long, long, long, long, long, int) [clone .kd]",1,0,45,203947,203947,2097152,256,1024,0,24,0,128,32,"0x0","0x7463b99b4680",36497783040691,36497786581109,36497786801910,36497786806838,220801
42,"(anonymous namespace)::graph_global_kernel(unsigned int const*, unsigned int const*, int const*, float*, long, long, long, long, long, int) [clone .kd]",1,0,46,203947,203947,2097152,256,1024,0,24,0,128,32,"0x0","0x7463b99b4680",36497783049849,36497786810230,36497787031632,36497787037602,221402
43,"void at::native::vectorized_elementwise_kernel<4, at::native::CUDAFunctor_add<float>, std::array<char*, 3ul> >(int, at::native::CUDAFunctor_add<float>, std::array<char*, 3ul>) [clone .kd]",1,0,49,203947,203947,2048,256,0,0,16,0,128,32,"0x0","0x746047a65700",36497806684555,36497806717682,36497806719402,36497806724231,1720
44,"void at::native::vectorized_elementwise_kernel<4, at::native::AbsFunctor<float>, std::array<char*, 2ul> >(int, at::native::AbsFunctor<float>, std::array<char*, 2ul>) [clone .kd]",1,0,50,203947,203947,2048,256,0,0,16,0,128,32,"0x0","0x7460478160c0",36497811990581,36497812011707,36497812013707,36497812021240,2000
45,"void at::native::reduce_kernel<512, 1, at::native::ReduceOp<float, at::native::func_wrapper_t<float, at::native::MaxNanFunctor<float> >, unsigned int, float, 4, 4> >(at::native::ReduceOp<float, at::native::func_wrapper_t<float, at::native::MaxNanFunctor<float> >, unsigned int, float, 4, 4>) [clone .kd]",1,0,51,203947,203947,512,512,2560,0,32,0,128,32,"0x0","0x7460442186c0",36497819380913,36497819401986,36497819410066,36497819413395,8080
46,"void at::native::vectorized_elementwise_kernel<4, at::native::CUDAFunctor_add<float>, std::array<char*, 3ul> >(int, at::native::CUDAFunctor_add<float>, std::array<char*, 3ul>) [clone .kd]",1,0,53,203947,203947,2048,256,0,0,16,0,128,32,"0x0","0x746047a65700",36497819514329,36497819536396,36497819538076,36497819541982,1680
47,"void at::native::vectorized_elementwise_kernel<4, at::native::AbsFunctor<float>, std::array<char*, 2ul> >(int, at::native::AbsFunctor<float>, std::array<char*, 2ul>) [clone .kd]",1,0,54,203947,203947,2048,256,0,0,16,0,128,32,"0x0","0x7460478160c0",36497819539898,36497819566767,36497819568407,36497819571859,1640
48,"void at::native::reduce_kernel<512, 1, at::native::ReduceOp<float, at::native::func_wrapper_t<float, at::native::MaxNanFunctor<float> >, unsigned int, float, 4, 4> >(at::native::ReduceOp<float, at::native::func_wrapper_t<float, at::native::MaxNanFunctor<float> >, unsigned int, float, 4, 4>) [clone .kd]",1,0,55,203947,203947,512,512,2560,0,32,0,128,32,"0x0","0x7460442186c0",36497819570757,36497819594107,36497819599987,36497819600595,5880
49,"(anonymous namespace)::graph_lds_kernel(unsigned int const*, unsigned int const*, int const*, float*, long, long, long, long, long, int) [clone .kd]",1,0,57,203947,203947,65536,256,17408,0,24,0,128,32,"0x0","0x7463b99b46c0",36497819661311,36497819678807,36497819807248,36497819812522,128441
50,"(anonymous namespace)::graph_lds_kernel(unsigned int const*, unsigned int const*, int const*, float*, long, long, long, long, long, int) [clone .kd]",1,0,58,203947,203947,65536,256,17408,0,24,0,128,32,"0x0","0x7463b99b46c0",36497819673415,36497819816448,36497819942689,36497819949465,126241
51,"(anonymous namespace)::graph_lds_kernel(unsigned int const*, unsigned int const*, int const*, float*, long, long, long, long, long, int) [clone .kd]",1,0,59,203947,203947,65536,256,17408,0,24,0,128,32,"0x0","0x7463b99b46c0",36497819680238,36497819950849,36497820076970,36497820082551,126121
52,"(anonymous namespace)::graph_lds_kernel(unsigned int const*, unsigned int const*, int const*, float*, long, long, long, long, long, int) [clone .kd]",1,0,60,203947,203947,65536,256,17408,0,24,0,128,32,"0x0","0x7463b99b46c0",36497819686690,36497820085210,36497820211571,36497820217220,126361
53,"(anonymous namespace)::graph_lds_kernel(unsigned int const*, unsigned int const*, int const*, float*, long, long, long, long, long, int) [clone .kd]",1,0,61,203947,203947,65536,256,17408,0,24,0,128,32,"0x0","0x7463b99b46c0",36497819692451,36497820219651,36497820345732,36497820350696,126081
54,"(anonymous namespace)::graph_lds_kernel(unsigned int const*, unsigned int const*, int const*, float*, long, long, long, long, long, int) [clone .kd]",1,0,64,203947,203947,65536,256,17408,0,24,0,128,32,"0x0","0x7463b99b46c0",36497820402706,36497820419902,36497820546783,36497820552674,126881
55,"(anonymous namespace)::graph_lds_kernel(unsigned int const*, unsigned int const*, int const*, float*, long, long, long, long, long, int) [clone .kd]",1,0,65,203947,203947,65536,256,17408,0,24,0,128,32,"0x0","0x7463b99b46c0",36497820412585,36497820550903,36497820676704,36497820685499,125801
56,"(anonymous namespace)::graph_lds_kernel(unsigned int const*, unsigned int const*, int const*, float*, long, long, long, long, long, int) [clone .kd]",1,0,66,203947,203947,65536,256,17408,0,24,0,128,32,"0x0","0x7463b99b46c0",36497820419238,36497820684784,36497820810585,36497820818515,125801
57,"(anonymous namespace)::graph_lds_kernel(unsigned int const*, unsigned int const*, int const*, float*, long, long, long, long, long, int) [clone .kd]",1,0,67,203947,203947,65536,256,17408,0,24,0,128,32,"0x0","0x7463b99b46c0",36497820425450,36497820818985,36497820944866,36497820950288,125881
58,"(anonymous namespace)::graph_lds_kernel(unsigned int const*, unsigned int const*, int const*, float*, long, long, long, long, long, int) [clone .kd]",1,0,68,203947,203947,65536,256,17408,0,24,0,128,32,"0x0","0x7463b99b46c0",36497820431141,36497820952946,36497821079067,36497821085608,126121
59,"(anonymous namespace)::graph_lds_kernel(unsigned int const*, unsigned int const*, int const*, float*, long, long, long, long, long, int) [clone .kd]",1,0,69,203947,203947,65536,256,17408,0,24,0,128,32,"0x0","0x7463b99b46c0",36497820437042,36497821087107,36497821212908,36497821218173,125801
60,"(anonymous namespace)::graph_lds_kernel(unsigned int const*, unsigned int const*, int const*, float*, long, long, long, long, long, int) [clone .kd]",1,0,70,203947,203947,65536,256,17408,0,24,0,128,32,"0x0","0x7463b99b46c0",36497820442653,36497821220948,36497821346988,36497821354906,126040
61,"(anonymous namespace)::graph_lds_kernel(unsigned int const*, unsigned int const*, int const*, float*, long, long, long, long, long, int) [clone .kd]",1,0,71,203947,203947,65536,256,17408,0,24,0,128,32,"0x0","0x7463b99b46c0",36497820448244,36497821355068,36497821480949,36497821488502,125881
62,"(anonymous namespace)::graph_lds_kernel(unsigned int const*, unsigned int const*, int const*, float*, long, long, long, long, long, int) [clone .kd]",1,0,72,203947,203947,65536,256,17408,0,24,0,128,32,"0x0","0x7463b99b46c0",36497820453884,36497821489349,36497821616270,36497821622981,126921
63,"(anonymous namespace)::graph_lds_kernel(unsigned int const*, unsigned int const*, int const*, float*, long, long, long, long, long, int) [clone .kd]",1,0,73,203947,203947,65536,256,17408,0,24,0,128,32,"0x0","0x7463b99b46c0",36497820459345,36497821624670,36497821750711,36497821756748,126041
64,"(anonymous namespace)::graph_lds_kernel(unsigned int const*, unsigned int const*, int const*, float*, long, long, long, long, long, int) [clone .kd]",1,0,74,203947,203947,65536,256,17408,0,24,0,128,32,"0x0","0x7463b99b46c0",36497820464986,36497821758991,36497821885912,36497821891006,126921
65,"(anonymous namespace)::graph_lds_kernel(unsigned int const*, unsigned int const*, int const*, float*, long, long, long, long, long, int) [clone .kd]",1,0,75,203947,203947,65536,256,17408,0,24,0,128,32,"0x0","0x7463b99b46c0",36497820470416,36497821894032,36497822025153,36497822032899,131121
66,"(anonymous namespace)::graph_lds_kernel(unsigned int const*, unsigned int const*, int const*, float*, long, long, long, long, long, int) [clone .kd]",1,0,76,203947,203947,65536,256,17408,0,24,0,128,32,"0x0","0x7463b99b46c0",36497820476197,36497822033273,36497822164874,36497822170633,131601
67,"(anonymous namespace)::graph_lds_kernel(unsigned int const*, unsigned int const*, int const*, float*, long, long, long, long, long, int) [clone .kd]",1,0,77,203947,203947,65536,256,17408,0,24,0,128,32,"0x0","0x7463b99b46c0",36497820481918,36497822172994,36497822304195,36497822309981,131201
68,"(anonymous namespace)::graph_lds_kernel(unsigned int const*, unsigned int const*, int const*, float*, long, long, long, long, long, int) [clone .kd]",1,0,78,203947,203947,65536,256,17408,0,24,0,128,32,"0x0","0x7463b99b46c0",36497820487559,36497822312315,36497822443516,36497822450511,131201
69,"(anonymous namespace)::graph_lds_kernel(unsigned int const*, unsigned int const*, int const*, float*, long, long, long, long, long, int) [clone .kd]",1,0,79,203947,203947,65536,256,17408,0,24,0,128,32,"0x0","0x7463b99b46c0",36497820493060,36497822451636,36497822583037,36497822588336,131401
70,"(anonymous namespace)::graph_lds_kernel(unsigned int const*, unsigned int const*, int const*, float*, long, long, long, long, long, int) [clone .kd]",1,0,80,203947,203947,65536,256,17408,0,24,0,128,32,"0x0","0x7463b99b46c0",36497820498640,36497822591357,36497822723558,36497822731170,132201
71,"(anonymous namespace)::graph_lds_kernel(unsigned int const*, unsigned int const*, int const*, float*, long, long, long, long, long, int) [clone .kd]",1,0,81,203947,203947,65536,256,17408,0,24,0,128,32,"0x0","0x7463b99b46c0",36497820504261,36497822732158,36497822863158,36497822870117,131000
72,"(anonymous namespace)::graph_lds_kernel(unsigned int const*, unsigned int const*, int const*, float*, long, long, long, long, long, int) [clone .kd]",1,0,82,203947,203947,65536,256,17408,0,24,0,128,32,"0x0","0x7463b99b46c0",36497820509812,36497822871359,36497823002759,36497823011208,131400
73,"(anonymous namespace)::graph_lds_kernel(unsigned int const*, unsigned int const*, int const*, float*, long, long, long, long, long, int) [clone .kd]",1,0,83,203947,203947,65536,256,17408,0,24,0,128,32,"0x0","0x7463b99b46c0",36497820515383,36497823010879,36497823144080,36497823149584,133201
74,"void at::native::vectorized_elementwise_kernel<4, at::native::CUDAFunctor_add<float>, std::array<char*, 3ul> >(int, at::native::CUDAFunctor_add<float>, std::array<char*, 3ul>) [clone .kd]",1,0,86,203947,203947,2048,256,0,0,16,0,128,32,"0x0","0x746047a65700",36497823186595,36497823203551,36497823206071,36497823208357,2520
75,"void at::native::vectorized_elementwise_kernel<4, at::native::AbsFunctor<float>, std::array<char*, 2ul> >(int, at::native::AbsFunctor<float>, std::array<char*, 2ul>) [clone .kd]",1,0,87,203947,203947,2048,256,0,0,16,0,128,32,"0x0","0x7460478160c0",36497823200833,36497823218391,36497823228751,36497823228917,10360
76,"void at::native::reduce_kernel<512, 1, at::native::ReduceOp<float, at::native::func_wrapper_t<float, at::native::MaxNanFunctor<float> >, unsigned int, float, 4, 4> >(at::native::ReduceOp<float, at::native::func_wrapper_t<float, at::native::MaxNanFunctor<float> >, unsigned int, float, 4, 4>) [clone .kd]",1,0,88,203947,203947,512,512,2560,0,32,0,128,32,"0x0","0x7460442186c0",36497823213718,36497823232871,36497823239111,36497823240740,6240
77,"void at::native::vectorized_elementwise_kernel<4, at::native::CUDAFunctor_add<float>, std::array<char*, 3ul> >(int, at::native::CUDAFunctor_add<float>, std::array<char*, 3ul>) [clone .kd]",1,0,90,203947,203947,2048,256,0,0,16,0,128,32,"0x0","0x746047a65700",36497823265738,36497823281441,36497823283121,36497823283502,1680
78,"void at::native::vectorized_elementwise_kernel<4, at::native::AbsFunctor<float>, std::array<char*, 2ul> >(int, at::native::AbsFunctor<float>, std::array<char*, 2ul>) [clone .kd]",1,0,91,203947,203947,2048,256,0,0,16,0,128,32,"0x0","0x7460478160c0",36497823276158,36497823287361,36497823289881,36497823292499,2520
79,"void at::native::reduce_kernel<512, 1, at::native::ReduceOp<float, at::native::func_wrapper_t<float, at::native::MaxNanFunctor<float> >, unsigned int, float, 4, 4> >(at::native::ReduceOp<float, at::native::func_wrapper_t<float, at::native::MaxNanFunctor<float> >, unsigned int, float, 4, 4>) [clone .kd]",1,0,92,203947,203947,512,512,2560,0,32,0,128,32,"0x0","0x7460442186c0",36497823286708,36497823302601,36497823308761,36497823310173,6160
