"Name","Calls","TotalDurationNs","AverageNs","Percentage"
"(anonymous namespace)::gather_direct_lds_kernel(unsigned int const*, int const*, unsigned int*, long, long, long, long, long) [clone .kd]",40,271363,6784,30.044386281328645
"(anonymous namespace)::gather_vgpr_lds_kernel(unsigned int const*, int const*, unsigned int*, long, long, long, long) [clone .kd]",40,250881,6272,27.776689064633025
"(anonymous namespace)::gather_global_kernel(unsigned int const*, int const*, unsigned int*, long, long, long, long, long) [clone .kd]",40,189641,4741,20.996405032290493
"void at::native::(anonymous namespace)::distribution_elementwise_grid_stride_kernel<float, 4, at::native::templates::cuda::normal_and_transform<c10::Half, float, at::CUDAGeneratorImpl*, at::native::templates::cuda::normal_kernel<at::CUDAGeneratorImpl*>(at::TensorBase const&, double, double, at::CUDAGeneratorImpl*)::{lambda()#1}::operator()() const::{lambda()#3}::operator()() const::{lambda(float)#1}>(at::TensorIteratorBase&, at::CUDAGeneratorImpl*, at::native::templates::cuda::normal_kernel<at::CUDAGeneratorImpl*>(at::TensorBase const&, double, double, at::CUDAGeneratorImpl*)::{lambda()#1}::operator()() const::{lambda()#3}::operator()() const::{lambda(float)#1})::{lambda(hiprandStatePhilox4_32_10*)#2}, at::native::(anonymous namespace)::distribution_nullary_kernel<c10::Half, float, HIP_vector_type<float, 4u>, at::CUDAGeneratorImpl*, at::native::templates::cuda::normal_and_transform<c10::Half, float, at::CUDAGeneratorImpl*, at::native::templates::cuda::normal_kernel<at::CUDAGeneratorImpl*>(at::TensorBase const&, double, double, at::CUDAGeneratorImpl*)::{lambda()#1}::operator()() const::{lambda()#3}::operator()() const::{lambda(float)#1}>(at::TensorIteratorBase&, at::CUDAGeneratorImpl*, at::native::templates::cuda::normal_kernel<at::CUDAGeneratorImpl*>(at::TensorBase const&, double, double, at::CUDAGeneratorImpl*)::{lambda()#1}::operator()() const::{lambda()#3}::operator()() const::{lambda(float)#1})::{lambda(hiprandStatePhilox4_32_10*)#2}, at::native::templates::cuda::normal_kernel<at::CUDAGeneratorImpl*>(at::TensorBase const&, double, double, at::CUDAGeneratorImpl*)::{lambda()#1}::operator()() const::{lambda()#3}::operator()() const::{lambda(float)#1}>(at::TensorIteratorBase&, at::CUDAGeneratorImpl*, at::native::templates::cuda::normal_and_transform<c10::Half, float, at::CUDAGeneratorImpl*, at::native::templates::cuda::normal_kernel<at::CUDAGeneratorImpl*>(at::TensorBase const&, double, double, at::CUDAGeneratorImpl*)::{lambda()#1}::operator()() const::{lambda()#3}::operator()() const::{lambda(float)#1}>(at::TensorIteratorBase&, at::CUDAGeneratorImpl*, at::native::templates::cuda::normal_kernel<at::CUDAGeneratorImpl*>(at::TensorBase const&, double, double, at::CUDAGeneratorImpl*)::{lambda()#1}::operator()() const::{lambda()#3}::operator()() const::{lambda(float)#1})::{lambda(hiprandStatePhilox4_32_10*)#2} const&, at::native::templates::cuda::normal_kernel<at::CUDAGeneratorImpl*>(at::TensorBase const&, double, double, at::CUDAGeneratorImpl*)::{lambda()#1}::operator()() const::{lambda()#3}::operator()() const::{lambda(float)#1})::{lambda(int, float)#1}>(long, at::PhiloxCudaState, at::native::templates::cuda::normal_and_transform<c10::Half, float, at::CUDAGeneratorImpl*, at::native::templates::cuda::normal_kernel<at::CUDAGeneratorImpl*>(at::TensorBase const&, double, double, at::CUDAGeneratorImpl*)::{lambda()#1}::operator()() const::{lambda()#3}::operator()() const::{lambda(float)#1}>(at::TensorIteratorBase&, at::CUDAGeneratorImpl*, at::native::templates::cuda::normal_kernel<at::CUDAGeneratorImpl*>(at::TensorBase const&, double, double, at::CUDAGeneratorImpl*)::{lambda()#1}::operator()() const::{lambda()#3}::operator()() const::{lambda(float)#1})::{lambda(hiprandStatePhilox4_32_10*)#2}, at::native::(anonymous namespace)::distribution_nullary_kernel<c10::Half, float, HIP_vector_type<float, 4u>, at::CUDAGeneratorImpl*, at::native::templates::cuda::normal_and_transform<c10::Half, float, at::CUDAGeneratorImpl*, at::native::templates::cuda::normal_kernel<at::CUDAGeneratorImpl*>(at::TensorBase const&, double, double, at::CUDAGeneratorImpl*)::{lambda()#1}::operator()() const::{lambda()#3}::operator()() const::{lambda(float)#1}>(at::TensorIteratorBase&, at::CUDAGeneratorImpl*, at::native::templates::cuda::normal_kernel<at::CUDAGeneratorImpl*>(at::TensorBase const&, double, double, at::CUDAGeneratorImpl*)::{lambda()#1}::operator()() const::{lambda()#3}::operator()() const::{lambda(float)#1})::{lambda(hiprandStatePhilox4_32_10*)#2}, at::native::templates::cuda::normal_kernel<at::CUDAGeneratorImpl*>(at::TensorBase const&, double, double, at::CUDAGeneratorImpl*)::{lambda()#1}::operator()() const::{lambda()#3}::operator()() const::{lambda(float)#1}>(at::TensorIteratorBase&, at::CUDAGeneratorImpl*, at::native::templates::cuda::normal_and_transform<c10::Half, float, at::CUDAGeneratorImpl*, at::native::templates::cuda::normal_kernel<at::CUDAGeneratorImpl*>(at::TensorBase const&, double, double, at::CUDAGeneratorImpl*)::{lambda()#1}::operator()() const::{lambda()#3}::operator()() const::{lambda(float)#1}>(at::TensorIteratorBase&, at::CUDAGeneratorImpl*, at::native::templates::cuda::normal_kernel<at::CUDAGeneratorImpl*>(at::TensorBase const&, double, double, at::CUDAGeneratorImpl*)::{lambda()#1}::operator()() const::{lambda()#3}::operator()() const::{lambda(float)#1})::{lambda(hiprandStatePhilox4_32_10*)#2} const&, at::native::templates::cuda::normal_kernel<at::CUDAGeneratorImpl*>(at::TensorBase const&, double, double, at::CUDAGeneratorImpl*)::{lambda()#1}::operator()() const::{lambda()#3}::operator()() const::{lambda(float)#1})::{lambda(int, float)#1}) [clone .kd]",1,28761,28761,3.1843198735173663
"void at::native::reduce_kernel<512, 1, at::native::ReduceOp<float, at::native::func_wrapper_t<float, at::native::MaxNanFunctor<float> >, unsigned int, float, 4, 4> >(at::native::ReduceOp<float, at::native::func_wrapper_t<float, at::native::MaxNanFunctor<float> >, unsigned int, float, 4, 4>) [clone .kd]",3,28681,9560,3.175462546238016
"void at::native::vectorized_elementwise_kernel<4, at::native::AbsFunctor<float>, std::array<char*, 2ul> >(int, at::native::AbsFunctor<float>, std::array<char*, 2ul>) [clone .kd]",3,21920,7306,2.426907674541938
"void at::native::vectorized_elementwise_kernel<4, at::native::float16tofloat32_copy_kernel_cuda(at::TensorIteratorBase&)::{lambda(c10::Half)#1}, std::array<char*, 2ul> >(int, at::native::float16tofloat32_copy_kernel_cuda(at::TensorIteratorBase&)::{lambda(c10::Half)#1}, std::array<char*, 2ul>) [clone .kd]",6,21760,3626,2.4091930199832374
"void at::native::vectorized_elementwise_kernel<4, at::native::CUDAFunctor_add<float>, std::array<char*, 3ul> >(int, at::native::CUDAFunctor_add<float>, std::array<char*, 3ul>) [clone .kd]",3,13800,4600,1.5278889556878987
"__amd_rocclr_fillBufferAligned.kd",3,12400,4133,1.3728857282992715
"void at::native::elementwise_kernel_manual_unroll<128, 8, at::native::gpu_kernel_impl_nocast<at::native::(anonymous namespace)::where_kernel_impl(at::TensorIterator&)::{lambda()#1}::operator()() const::{lambda()#2}::operator()() const::{lambda(bool, c10::Half, c10::Half)#1}>(at::TensorIteratorBase&, at::native::(anonymous namespace)::where_kernel_impl(at::TensorIterator&)::{lambda()#1}::operator()() const::{lambda()#2}::operator()() const::{lambda(bool, c10::Half, c10::Half)#1} const&)::{lambda(int, bool)#1}>(int, at::native::gpu_kernel_impl_nocast<at::native::(anonymous namespace)::where_kernel_impl(at::TensorIterator&)::{lambda()#1}::operator()() const::{lambda()#2}::operator()() const::{lambda(bool, c10::Half, c10::Half)#1}>(at::TensorIteratorBase&, at::native::(anonymous namespace)::where_kernel_impl(at::TensorIterator&)::{lambda()#1}::operator()() const::{lambda()#2}::operator()() const::{lambda(bool, c10::Half, c10::Half)#1} const&)::{lambda(int, bool)#1}) [clone .kd]",1,11120,11120,1.2311684918296693
"void at::native::elementwise_kernel_manual_unroll<128, 4, at::native::gpu_kernel_impl<at::native::direct_copy_kernel_cuda(at::TensorIteratorBase&)::{lambda()#3}::operator()() const::{lambda()#4}::operator()() const::{lambda(long)#1}>(at::TensorIteratorBase&, at::native::direct_copy_kernel_cuda(at::TensorIteratorBase&)::{lambda()#3}::operator()() const::{lambda()#4}::operator()() const::{lambda(long)#1} const&)::{lambda(int, bool)#1}>(int, at::native::gpu_kernel_impl<at::native::direct_copy_kernel_cuda(at::TensorIteratorBase&)::{lambda()#3}::operator()() const::{lambda()#4}::operator()() const::{lambda(long)#1}>(at::TensorIteratorBase&, at::native::direct_copy_kernel_cuda(at::TensorIteratorBase&)::{lambda()#3}::operator()() const::{lambda()#4}::operator()() const::{lambda(long)#1} const&)::{lambda(int, bool)#1}) [clone .kd]",1,10960,10960,1.213453837270969
"void at::native::vectorized_elementwise_kernel<4, at::native::compare_scalar_kernel<int>(at::TensorIteratorBase&, at::native::(anonymous namespace)::OpType, int)::{lambda(int)#1}, std::array<char*, 2ul> >(int, at::native::compare_scalar_kernel<int>(at::TensorIteratorBase&, at::native::(anonymous namespace)::OpType, int)::{lambda(int)#1}, std::array<char*, 2ul>) [clone .kd]",2,9760,4880,1.0805939280807169
"void at::native::(anonymous namespace)::distribution_elementwise_grid_stride_kernel<unsigned int, 4, at::native::templates::cuda::random_from_to_kernel<at::CUDAGeneratorImpl*>(at::TensorIteratorBase&, unsigned long, long, at::CUDAGeneratorImpl*)::{lambda()#1}::operator()() const::{lambda()#3}::operator()() const::{lambda(hiprandStatePhilox4_32_10*)#2}, at::native::(anonymous namespace)::distribution_nullary_kernel<int, unsigned int, HIP_vector_type<unsigned int, 4u>, at::CUDAGeneratorImpl*, at::native::templates::cuda::random_from_to_kernel<at::CUDAGeneratorImpl*>(at::TensorIteratorBase&, unsigned long, long, at::CUDAGeneratorImpl*)::{lambda()#1}::operator()() const::{lambda()#3}::operator()() const::{lambda(hiprandStatePhilox4_32_10*)#2}, at::native::templates::cuda::random_from_to_kernel<at::CUDAGeneratorImpl*>(at::TensorIteratorBase&, unsigned long, long, at::CUDAGeneratorImpl*)::{lambda()#1}::operator()() const::{lambda()#3}::operator()() const::{lambda(unsigned int)#1}>(at::TensorIteratorBase&, at::CUDAGeneratorImpl*, at::native::templates::cuda::random_from_to_kernel<at::CUDAGeneratorImpl*>(at::TensorIteratorBase&, unsigned long, long, at::CUDAGeneratorImpl*)::{lambda()#1}::operator()() const::{lambda()#3}::operator()() const::{lambda(hiprandStatePhilox4_32_10*)#2} const&, at::native::templates::cuda::random_from_to_kernel<at::CUDAGeneratorImpl*>(at::TensorIteratorBase&, unsigned long, long, at::CUDAGeneratorImpl*)::{lambda()#1}::operator()() const::{lambda()#3}::operator()() const::{lambda(unsigned int)#1})::{lambda(int, unsigned int)#1}>(long, at::PhiloxCudaState, at::native::templates::cuda::random_from_to_kernel<at::CUDAGeneratorImpl*>(at::TensorIteratorBase&, unsigned long, long, at::CUDAGeneratorImpl*)::{lambda()#1}::operator()() const::{lambda()#3}::operator()() const::{lambda(hiprandStatePhilox4_32_10*)#2}, at::native::(anonymous namespace)::distribution_nullary_kernel<int, unsigned int, HIP_vector_type<unsigned int, 4u>, at::CUDAGeneratorImpl*, at::native::templates::cuda::random_from_to_kernel<at::CUDAGeneratorImpl*>(at::TensorIteratorBase&, unsigned long, long, at::CUDAGeneratorImpl*)::{lambda()#1}::operator()() const::{lambda()#3}::operator()() const::{lambda(hiprandStatePhilox4_32_10*)#2}, at::native::templates::cuda::random_from_to_kernel<at::CUDAGeneratorImpl*>(at::TensorIteratorBase&, unsigned long, long, at::CUDAGeneratorImpl*)::{lambda()#1}::operator()() const::{lambda()#3}::operator()() const::{lambda(unsigned int)#1}>(at::TensorIteratorBase&, at::CUDAGeneratorImpl*, at::native::templates::cuda::random_from_to_kernel<at::CUDAGeneratorImpl*>(at::TensorIteratorBase&, unsigned long, long, at::CUDAGeneratorImpl*)::{lambda()#1}::operator()() const::{lambda()#3}::operator()() const::{lambda(hiprandStatePhilox4_32_10*)#2} const&, at::native::templates::cuda::random_from_to_kernel<at::CUDAGeneratorImpl*>(at::TensorIteratorBase&, unsigned long, long, at::CUDAGeneratorImpl*)::{lambda()#1}::operator()() const::{lambda()#3}::operator()() const::{lambda(unsigned int)#1})::{lambda(int, unsigned int)#1}) [clone .kd]",1,8880,8880,0.9831633280078653
"void at::native::vectorized_elementwise_kernel<4, at::native::(anonymous namespace)::launch_clamp_scalar(at::TensorIteratorBase&, c10::Scalar, c10::Scalar, at::native::detail::ClampLimits)::{lambda()#1}::operator()() const::{lambda()#3}::operator()() const::{lambda(int)#1}, std::array<char*, 2ul> >(int, at::native::(anonymous namespace)::launch_clamp_scalar(at::TensorIteratorBase&, c10::Scalar, c10::Scalar, at::native::detail::ClampLimits)::{lambda()#1}::operator()() const::{lambda()#3}::operator()() const::{lambda(int)#1}, std::array<char*, 2ul>) [clone .kd]",2,8520,4260,0.9433053552507897
"void at::native::vectorized_gather_kernel<16, long>(char*, char*, long*, int, long, long, long, long, bool) [clone .kd]",1,6600,6600,0.7307295005463864
"void at::native::vectorized_elementwise_kernel<16, at::native::BinaryFunctor<bool, bool, bool, at::native::BitwiseAndFunctor<bool> >, std::array<char*, 3ul> >(int, at::native::BinaryFunctor<bool, bool, bool, at::native::BitwiseAndFunctor<bool> >, std::array<char*, 3ul>) [clone .kd]",1,4080,4080,0.451723691246857
"void at::native::vectorized_elementwise_kernel<8, at::native::FillFunctor<c10::Half>, std::array<char*, 1ul> >(int, at::native::FillFunctor<c10::Half>, std::array<char*, 1ul>) [clone .kd]",1,4080,4080,0.451723691246857
